pers_name;event_after-date;event_before-date;event_start;event_end;display_date;event_type;pers_function;place_name;modern_region;inst_name;comment;source
Dietrich Kaspar von Fürstenberg ;;;06.03.1615;;1615-;Geburt ;;Königstein ;Germany;;;Rauch, S. 174, Lahrkamp, S. 96
Dietrich Kaspar von Fürstenberg ;;;21.09.1675;;1675-;Tod;;Mainz;Germany;;;Hersche, S. 128 / Rauch, S. 174 / Lahrkamp, S. 106
Dietrich Kaspar von Fürstenberg ;;;1631;;1631-;Studium ;;Köln ;Germany;;;Lahrkamp, S. 96
Dietrich Kaspar von Fürstenberg ;;;17.09.1624;;1624-;Aufschwörung ;;Mainz;Germany;Mainzer Domkapitel ;;Lahrkamp, S. 96
Dietrich Kaspar von Fürstenberg ;;;1636;;1636-;Aufschwörung ;;Speyer;Germany;Speyerer Domkapitel;;Lahrkamp, S. 96
Dietrich Kaspar von Fürstenberg ;;;15.10.1640;1641;1640-1641;Aufbruch nach Rom ;;Köln ;Germany;;;Lahrkamp, S. 97
Dietrich Kaspar von Fürstenberg ;;;00.01.1641;00.12.1641;1641-1641;Aufenthalt in Rom ;;Rom ;Italy;;;Lahrkamp, S. 97
Dietrich Kaspar von Fürstenberg ;;;00.12.1641;00.10.1643;1641-1643;Aufenthalt in Florenz;;Florenz ;Italy;;;Lahrkamp, S. 97
Dietrich Kaspar von Fürstenberg ;;;1643;1644;1643-1644;Kommando über eine Kompanie Kürassiere ;;Böhmen ;Europe;;;Lahrkamp, S. 97
Dietrich Kaspar von Fürstenberg ;;;1644;;1644-;Rückkehr nach Mainz ;;Mainz;Germany;;;Lahrkamp, S. 97
Dietrich Kaspar von Fürstenberg ;;;1644;;1644-;Flucht nach Oberlahnstein ;;Oberlahnstein ;Germany;;;Lahrkamp, S. 98
Dietrich Kaspar von Fürstenberg ;;;1647;;1647-;Versuch spanische Truppen nach Mainz zu schmuggeln ;;Mainz;Germany;;;Lahrkamp, S. 98
Dietrich Kaspar von Fürstenberg ;;;1647;;1647-;Flucht nach Brüssel ;;Brüssel ;Belgium;;;Lahrkamp, S. 98
Dietrich Kaspar von Fürstenberg ;;;19.08.1648;;1648-;Niederlage in der Schlacht bei Lens ;Obrist eines spanischen Reiterregiments ;Lens ;Europe;;;Lahrkamp, S. 98
Dietrich Kaspar von Fürstenberg ;;;1648;;1648-;Flucht nach Douai ;;Douai ;Europe;;;Lahrkamp, S. 98
Dietrich Kaspar von Fürstenberg ;;;;1650;-1650;Aufenthalt in Brüssel ;;Brüssel ;Belgium;;;Lahrkamp, S. 99
Dietrich Kaspar von Fürstenberg ;;;1650;1654;1650-1654;Asyl im Deutschordenhaus ;;Mechelen;Belgium;;;Lahrkamp, S. 99
Dietrich Kaspar von Fürstenberg ;;;1654;;1654-;Arbeit ;Künstler, Alchemist ;Mainz;Germany;;;Lahrkamp, S. 99 - 102
Dietrich Kaspar von Fürstenberg ;;;05.04.1673;;1673-;Wahl ;Domprobst ;Mainz;Germany;Mainzer Domkapitel ;;Hersche, S. 128, Rauch, S. 174, Lahrkamp, S. 103
Dietrich Kaspar von Fürstenberg ;;;1672;;1672-;Austritt aus dem Speyrer Domkapitel ;;Speyer;Germany;Speyrer Domkapitel ;Einfache Resignation ;Hersche, S. 128
Dietrich Kaspar von Fürstenberg ;;;1675;;1675-;Niederlage bei der Wahl zum Kurfürsten ;;Mainz;Germany;;;Lahrkamp, S. 105
Dietrich Kaspar von Fürstenberg ;;;21.09.1675;;1675-;Austritt aus dem Mainzer Domkapitel ;;Mainz ;Germany;Mainzer Domkapitel ;;
Dietrich Kaspar von Fürstenberg ;;;;;-;Grabstätte ;;Mainz ;Germany;;;
Lothar Friedrich von Metternich-Burscheid;;;29.09.1617;;1617-;Geburt ;;Burscheid;Germany;;Luxemburg ;Rauch, S. 174, Christ, S. 9
Lothar Friedrich von Metternich-Burscheid;;;03.06.1675;;1675-;Tod;;Mainz;Germany;;;Rauch, S. 174, Christ, S. 26
Lothar Friedrich von Metternich-Burscheid;;;;1635;-1635;Studium ;;Pont-à-Mousson;Europe;;;Christ, S. 9
Lothar Friedrich von Metternich-Burscheid;;;1635;1636;1635-1636;Studium ;;Trier;Germany;;;Christ, S. 9
Lothar Friedrich von Metternich-Burscheid;;;1636;;1636-;Studium ;;Löwen ;Belgium;;;Christ, S. 9
Lothar Friedrich von Metternich-Burscheid;;;1641;;1641-;Studium ;;Pont-à-Mousson;Europe;;;Christ, S. 9
Lothar Friedrich von Metternich-Burscheid;;;03.09.1640;;1640-;Weihe ;Subdiakon;;Germany;;;Christ, S. 9
Lothar Friedrich von Metternich-Burscheid;;;08.09.1640;;1640-;Weihe ;Diakon;;Germany;;;Christ, S. 9
Lothar Friedrich von Metternich-Burscheid;;;00.12.1652;;1652-;Weihe ;Priester ;;Germany;;;Christ, S. 9
Lothar Friedrich von Metternich-Burscheid;;;24.06.1656;;1656-;Weihe ;Bischof ;Bruchsal ;Germany;;;Christ, S. 9
Lothar Friedrich von Metternich-Burscheid;;;1625;;1625-;Aufschwörung ;Domherr;Trier ;Germany;Trierer Domkapitel ;;"Hersche, S. 182; Christ, S. 9"
Lothar Friedrich von Metternich-Burscheid;;;1627;;1627-;Aufschwörung ;Domherr ;Speyer;Germany;Speyrer Domkapitel ;;Hersche, S. 166
Lothar Friedrich von Metternich-Burscheid;;;1639;;1639-;Aufschwörung ;Domherr;Mainz ;Germany;Mainzer Domkapitel ;;"Hersche, S. 129; Christ, S. 9"
Lothar Friedrich von Metternich-Burscheid;;;1640;;1640-;Aufschwörung ;Domherr ;Trier ;Germany;Trierer Domkapitel ;;Christ, S. 9
Lothar Friedrich von Metternich-Burscheid;;;1645;;1645-;Wahl ;Domkustos ;Trier ;Germany;Trierer Domkapitel ;;Christ, S. 9
Lothar Friedrich von Metternich-Burscheid;;;1654;;1654-;Resignation ;Domkustos ;Trier ;Germany;Trierer Domkapitel ;;Christ, S. 9
Lothar Friedrich von Metternich-Burscheid;;;1652;;1652-;Austritt aus dem Speyrer Domkapitel ;Domherr ;Speyer ;Germany;Speyrer Domkapitel ;;Hersche, S. 166
Lothar Friedrich von Metternich-Burscheid;;;11.04.1652;;1652-;Wahl ;Bischof ;Speyer ;Germany;;;Christ, S. 9
Lothar Friedrich von Metternich-Burscheid;;;1653;;1653-;Wahl ;Capellanus ;Trier;Germany;Trierer Domkapitel ;;Christ, S. 9
Lothar Friedrich von Metternich-Burscheid;;;1660;;1660-;Wahl ;Oberchorbischof ;Trier ;Germany;Trierer Domkapitel ;;Christ, S. 9
Lothar Friedrich von Metternich-Burscheid;;;1672;;1672-;Wahl ;Koadjutor des Wormser Bischofs ;Worms ;Germany;;;Christ, S. 18
Lothar Friedrich von Metternich-Burscheid;;;21.03.1672;;1672-;Wahl ;Domprobst ;Mainz ;Germany;;;Hersche, S. 129, Rauch, S. 174, Christ, S. 9
Lothar Friedrich von Metternich-Burscheid;;;12.02.1673;;1673-;Austritt aus dem Mainzer Domkapitel ;;Mainz ;Germany;Mainzer Domkapitel ;;Hersche, S. 129 
Lothar Friedrich von Metternich-Burscheid;;;12.02.1673;;1673-;Wahl;Erzbischof und Kurfürst;Mainz ;Germany;;;Christ, S. 20f.
Lothar Friedrich von Metternich-Burscheid;;;12.02.1673;;1673-;Amtsantritt ;Bischof;Worms ;Germany;;;Christ, S. 20f.
Lothar Friedrich von Metternich-Burscheid;;;03.06.1675;;1675-;Austritt aus dem Trierer Domkapitel ;;Trier ;Germany;Trierer Domkapitel ;;Hersche, S. 182
Karl Emmerich Franz von Breidbach-Bürresheim;;;1694;1696;1694-1696;Studium ;;Rom ;Italy;Collegium Germanicum;;"Verzeichnis der Mainzer Universitätsmatrikeln, S. 108; Durchhardt, S. 254"
Karl Emmerich Franz von Breidbach-Bürresheim;;;18.01.1674;;1674-;Geburt ;;;Germany;;;Rauch, S. 168
Karl Emmerich Franz von Breidbach-Bürresheim;;;1679;;1679-;Geburt;;;Germany;;;"Verzeichnis der Mainzer Universitätsmatrikeln, S. 108; Weber, S. 51 FN 2; Duchhardt, S. 254"
Karl Emmerich Franz von Breidbach-Bürresheim;;;27.01.1710;;1710-;Aufschwörung ;Domherr;Mainz ;Germany;Mainzer Domkapitel ;;Hersche, S. 130
Karl Emmerich Franz von Breidbach-Bürresheim;;;1720;1743;1720-1743;Amtsausübung;Kämmerer des weltlichen Gerichts der Stadt;Malnz;Germany;Stadt Mainz;;Verzeichnis der Mainzer Universitätsmatrikeln, S. 108
Karl Emmerich Franz von Breidbach-Bürresheim;;;1687;;1687-;Aufschwörung ;Domherr;Trier ;Germany;Trierer Domkapitel ;;"Hersche, S. 184; Durchhardt, S. 255"
Karl Emmerich Franz von Breidbach-Bürresheim;;;1724;;1724-;Wahl;Domdekan;Mainz;Germany;Mainzer Domkapitel ;;Verzeichnis der Mainzer Universitätsmatrikeln, S. 108
Karl Emmerich Franz von Breidbach-Bürresheim;;;1714;;1714-;Austritt aus dem Domkapitel (Einfache Resignation);;Trier ;Germany;Trierer Domkapitel ;;Hersche, S. 184
Karl Emmerich Franz von Breidbach-Bürresheim;;;12.02.1738;;1738-;Wahl;Domprobst;Mainz ;Germany;Mainzer Domkapitel ;;"Rauch, S. 176; Verzeichnis der Mainzer Universitätsmatrikeln, S. 108 (Datum der Wahl = 17.02.1738"
Karl Emmerich Franz von Breidbach-Bürresheim;;;20.02.1743;;1743-;Wahl;;Mainz ;Germany;;;Rauch, S. 176
Karl Emmerich Franz von Breidbach-Bürresheim;;;18.06.1712;;1712-;Wahl ;Dekan;Mainz ;Germany;Stift St.Viktor;;Weidenbach, S. 103
Karl Emmerich Franz von Breidbach-Bürresheim;;;18.06.1712;;1712-;Aufschwörung;Stiftskanoniker;Mainz;Germany;Stift St. Peter;;"Weidenbach, S. 103; Verzeichnis der Mainzer Universitätsmatrikeln, S. 108"
Karl Emmerich Franz von Breidbach-Bürresheim;;;;;-;Präsident;Präsident;Mainz (?);Germany;???;;"Weidenbach, S. 103;"
Hugo Franz Karl von Eltz (-Kempenich);;;19.11.1701;;1701-;Geburt ;;;Germany;;;Nottarp, S. 120
Hugo Franz Karl von Eltz (-Kempenich);;;17.10.1712;;1712-;Aufschwörung ;Domherr;Mainz;Germany;Mainzer Domkapitel ;;"Rauch, S. 140; Hersche, S. 130"
Hugo Franz Karl von Eltz (-Kempenich);;;1738;;1738-;Wahl;Domkantor;Mainz;Germany;Mainzer Domkapitel ;;Nottarp, S. 120
Hugo Franz Karl von Eltz (-Kempenich);;;;1743;-1743;Resignation;Domkantor;Mainz;Germany;Mainzer Domkapitel ;;Rauch, S. 176
Hugo Franz Karl von Eltz (-Kempenich);;;1743;1779;1743-1779;Domprobst;Domprobst;Mainz;Germany;Mainzer Domkapitel ;;Rauch, S. 176
Hugo Franz Karl von Eltz (-Kempenich);;;1779;;1779-;Tod;;Mainz;Germany;;;Nottarp, Hermann: Ein Mindener Domprobst des 18. Jahrhunderts.
Hugo Franz Karl von Eltz (-Kempenich);;;27.06.1779;;1779-;Tod;;Mainz;Germany;;;Rauch, S. 176
Hugo Franz Karl von Eltz (-Kempenich);;;26.03.1778;;1778-;Tod;;;Germany;;;Veit, Mainzer Domherren, S. 14
Hugo Franz Karl von Eltz (-Kempenich);;;1778;;1778-;Tod;;Mainz;Germany;;;Hersche, S. 130
Hugo Franz Karl von Eltz (-Kempenich);;;1736;;1736-;Wahl;Domprobst;Minden;Germany;Mindener Domkapitel;;Hersche, S. 205
Hugo Franz Karl von Eltz (-Kempenich);;;1741;;1741-;Erster Mainzer Gesandter bei der Kaiserwahl ;;Frankfurt;Germany;;;Nottarp, S. 121
Hugo Franz Karl von Eltz (-Kempenich);;;1736;;1736-;Aufschwörung ;Domherr;Minden;Germany;Mindener Domkapitel;;Hersche, S. 205
Hugo Franz Karl von Eltz (-Kempenich);;;;;-;Leitender Minister des Kurstaates;;Mainz;Germany;;;Nottarp, S. 121
Hugo Franz Karl von Eltz (-Kempenich);;;;;-;Kanoniker zu St. Alban in Mainz;;Mainz;Germany;;;Westfälische Zeitschrift 139 (1989), S. 404
Hugo Franz Karl von Eltz (-Kempenich);;;ab 1741;;1741-;Statthalter des Eichsfeldes;;;Germany;;;Nottarp, S. 121
Hugo Franz Karl von Eltz (-Kempenich);;;;;-;Gesandter;;;Germany;;;Nottarp, S. 121
Hugo Franz Karl von Eltz (-Kempenich);;;;;-;Geheimer Rat;;Fünfkirchen in Niederungarn;Germany;Stift Pecswarad;;Nottarp, S. 121
Hugo Franz Karl von Eltz (-Kempenich);;;;;-;Weihe;Priester;;Germany;;;Nottarp, S. 121
Hugo Franz Karl von Eltz (-Kempenich);;;1735;1743;1735-1743;Ernennung;Generalvikar;Mainz;Germany;Erzbistum Mainz;;"Nottarp, S. 121; Datum: https://kalliope-verbund.info/de/eac?eac.id=116461977 (zuletzt aufgerufen am 17.06.2022)."
Hugo Franz Karl von Eltz (-Kempenich);;;1733;;1733-;Ernennung;Kommendatarabt;Fünfkirchen in Niederungarn;Germany;Stift Pecswarad;;Nottarp, S. 121
Hugo Franz Karl von Eltz (-Kempenich);;;;;-;Probst;Probst;Erfurt;Germany;;;Westfälische Zeitschrift 139 (1989), S. 404
Hugo Franz Karl von Eltz (-Kempenich);;;1765;;1765-;Niederlage bei der Wahl zum Mainzer Erzbischof;;Mainz;Germany;Mainzer Domkapitel ;;Nottarp, S. 121
Hugo Franz Karl von Eltz (-Kempenich);;;1725;;1725-;Aufschwörung ;Domherr;Trier ;Germany;Trierer Domkapitel ;;Hersche, S. 184
Damian Friedrich von  der Leyen-Hohengeroldseck;;;1754;;1754-;Aufschwörung;Domherr;Bamberg;Germany;Bamberger Domkapitel;;Hersche, S. 249
Damian Friedrich von  der Leyen-Hohengeroldseck;;;1755;;1755-;Austritt aus dem Bamberger Domkapitel, Einfache Resignation;;Bamberg;Germany;;;Hersche, S. 249
Damian Friedrich von  der Leyen-Hohengeroldseck;;;1754;;1754-;Aufschwörung;Domherr;Koblenz;Germany;Koblenzer Domkapitel;;Hersche, S. 249
Damian Friedrich von  der Leyen-Hohengeroldseck;;;10.01.1755;;1755-;Aufschwörung;Domherr;Mainz;Germany;Mainzer Domkapitel ;;Rauch, S.177
Damian Friedrich von  der Leyen-Hohengeroldseck;;;1755;;1755-;Aufschwörung ;Domherr;Mainz;Germany;Mainzer Domkapitel ;;Hersche, S. 249
Damian Friedrich von  der Leyen-Hohengeroldseck;;;1749;;1749-;Aufschwörung ;Domherr;Trier;Germany;Trierer Domkapitel ;;Hersche, S. 249
Damian Friedrich von  der Leyen-Hohengeroldseck;;;1793;;1793-;Aufschwörung;Domherr;Worms;Germany;Wormser Domkapitel;;Hersche, S. 249
Damian Friedrich von  der Leyen-Hohengeroldseck;;;1793;;1793-;Austritt Domkapitel;;Worms;Germany;;;Hersche, S. 249
Damian Friedrich von  der Leyen-Hohengeroldseck;;;1755;;1755-;Aufschwörung;Domherr;Würzburg;Germany;Würzburger Domkapitel;;Hersche, S. 249
Damian Friedrich von  der Leyen-Hohengeroldseck;;;1784;;1784-;Austritt Domkapitel;;Würzburg;Germany;;;Hersche, S. 249
Damian Friedrich von  der Leyen-Hohengeroldseck;;;03.01.1738;;1738-;Geburt;;;Germany;;;Rauch, S. 177
Damian Friedrich von  der Leyen-Hohengeroldseck;;;08.09.1817;;1817-;Tod;;Würzburg;Germany;;;Rauch, S. 177
Damian Friedrich von  der Leyen-Hohengeroldseck;;;24.09.1781;;1781-;Wahl;Domprobst;Mainz;Germany;Mainzer Domkapitel;;Rauch, S. 177
Damian Friedrich von  der Leyen-Hohengeroldseck;;;1781;;1781-;Wahl;Domprobst;Mainz;Germany;Mainzer Domkapitel;;Hersche, S. 131
Damian Friedrich von  der Leyen-Hohengeroldseck;;;;;-;Aufschwörung ;Domherr;Köln;Germany;Kölner Domkapitel ;;Robins, Der ritterliche landständige Adel des Großherzogthum Niederrein, S. 277
Damian Friedrich von  der Leyen-Hohengeroldseck;;;;;-;Aufschwörung ;Domherr;Trier;Germany;Trierer Domkapitel ;;Robins, Der ritterliche landständige Adel des Großherzogthum Niederrein, S. 277
Damian Friedrich von  der Leyen-Hohengeroldseck;;;;;-;Wahl ???;Kurmainzerischer Geheimrat ;Mainz;Germany;;;Robins, Der ritterliche landständige Adel des Großherzogthum Niederrein, S. 277
Damian Friedrich von  der Leyen-Hohengeroldseck;;;;;-;Ernennung ???;Ehrenritter des Maltheserorden;Mainz;Germany;;;
Johann Heppenheim genannt von Saal;;;1609;;1609-;Geburt;;;Germany;;;Herrsche, S. 128
Johann Heppenheim genannt von Saal;;;1617;;1617-;Aufschwörung;Domizellar;Worms;Germany;Wormser Domkapitel;Wikipedia schreibt, ab 1617 tauche von Saal in den Domkapitelprotokollen auf, Herrsche nimmt 1617 als Eintrittsdatum in das Wormser Domkapitel, was in Verbindung mit dem Alter die Vermutung naheliegt, es handelt sich bei diesem Ereignis um die Ernennung zum Domizellar;"Herrsche, S. 128; Wikipedia"
Johann Heppenheim genannt von Saal;;;1619;1626;1619-1626;Schulbesuch?;;;Germany;;"Wird von Wikipedia als ""Studium"" bezeichnet. Aufgrund des Alters eher ""Schule""?";Wikipedia
Johann Heppenheim genannt von Saal;;;15.10.1622;;1622-;Aufschwörung;Domizellar;Würzburg;Germany;Würzburger Domkapitel;;Wendehorst (https://books.google.de/books?id=CnkB23QthD8C&pg=PA321#v=onepage&q&f=false)
Johann Heppenheim genannt von Saal;;;1630;;1630-;Studium;;Freiburg;Germany;Albertina;;Wendehorst (https://books.google.de/books?id=CnkB23QthD8C&pg=PA321#v=onepage&q&f=false)
Johann Heppenheim genannt von Saal;;;1634;;1634-;Studium;;Perugia;Italy;Studium Generale Civitatis Perusii;;Wendehorst (https://books.google.de/books?id=CnkB23QthD8C&pg=PA321#v=onepage&q&f=false)
Johann Heppenheim genannt von Saal;;;1636;;1636-;Aufschwörung;Domizellar;Mainz;Germany;Mainzer Domkapitel;;Rauch, S. 174, Herrsche, S. 128
Johann Heppenheim genannt von Saal;;;13.05.1653;;1653-;Wahl;Stiftsprobst;Würzburg;Germany;Neumünster Stiftskapitel;;Wendehorst (https://books.google.de/books?id=CnkB23QthD8C&pg=PA321#v=onepage&q&f=false)
Johann Heppenheim genannt von Saal;;;1653;;1653-;Wahl;Domdekan;Mainz;Germany;Mainzer Domkapitel;;Wendehorst (https://books.google.de/books?id=CnkB23QthD8C&pg=PA321#v=onepage&q&f=false)
Johann Heppenheim genannt von Saal;;;1654;;1654-;Wahl;Domprobst;Worms;Germany;Wormser Domkapitel;;Wikipedia
Johann Heppenheim genannt von Saal;1654;;;;1654-;Amtsausübung;Kanzler;Heidelberg;Germany;Universität Heidelberg;genaues Datum nicht überliefert, dieses Amt fiel ihm als Wormser Domprobst zu;Wikipedia
Johann Heppenheim genannt von Saal;;;1666;;1666-;Vertretung des Kurfürsten während eines Pestausbruches;;Mainz;Germany;;;http://www.historische-eschborn.de/berichte/Main-Taunus-Kreis/Mainzer_Domkapitel/body_mainzer_domkapitel.html
Johann Heppenheim genannt von Saal;;;17.07.1668;;1668-;Resignation;Domdekan;Mainz;Germany;Mainzer Domkapitel;Datum nicht genau überliefert, geht aus Wahl zum Domprobst hervor;Rauch, S: 174
Johann Heppenheim genannt von Saal;;;17.07.1668;;1668-;Wahl;Domprobst;Mainz;Germany;Mainzer Domkapitel;;Rauch, S: 174
Johann Heppenheim genannt von Saal;;;03.02.1672;;1672-;Tod;;Mainz;Germany;;;Wendehorst (https://books.google.de/books?id=CnkB23QthD8C&pg=PA321#v=onepage&q&f=false)
Johann Heppenheim genannt von Saal;03.02.1672;;;;1672-;Beisetzung;;Mainz;Germany;Mainzer Dom;;Wendehorst (https://books.google.de/books?id=CnkB23QthD8C&pg=PA321#v=onepage&q&f=false)
Johann Philipp Franz Graf von Schönborn;;;15.02.1673;;1673-;Geburt;;Würzburg;Germany;;;"Wendehorst, Alfred ""Johann Philipp Franz"" in: Neuere Deutsche Biographie 10 (1974), S. 546"
Johann Philipp Franz Graf von Schönborn;;;15.01.1673;;1673-;Geburt;;Würzburg;Germany;;;Bischofslexikon von Gatz, S. 442
Johann Philipp Franz Graf von Schönborn;;;18.08.1724;;1724-;Tod;;Löffelstelzen bei Bad Mergentheim;Germany;;;"Wendehorst, Alfred ""Johann Philipp Franz"" in: Neuere Deutsche Biographie 10 (1974), S. 546"
Johann Philipp Franz Graf von Schönborn;;;1681;;1681-;Besuch der Jesuitenschule;;Aschaffenburg;Germany;;;WürzburgWiki
Johann Philipp Franz Graf von Schönborn;;;;1690;-1690;Studium;;Würzburg;Germany;;;"Wendehorst, Alfred ""Johann Philipp Franz"" in: Neuere Deutsche Biographie 10 (1974), S. 546"
Johann Philipp Franz Graf von Schönborn;;;;1690;-1690;Studium;;Mainz;Germany;;;"Wendehorst, Alfred ""Johann Philipp Franz"" in: Neuere Deutsche Biographie 10 (1974), S. 546"
Johann Philipp Franz Graf von Schönborn;;;;1690;-1690;Studium;;Aschaffenburg;Germany;;;"Wendehorst, Alfred ""Johann Philipp Franz"" in: Neuere Deutsche Biographie 10 (1974), S. 546"
Johann Philipp Franz Graf von Schönborn;;;1690;03.01.1693;1690-1693;Studium;;Rom;Italy;Collegium Germanicum;;Bärmann, Johannes: Verzeichnis der Studierenden der alten Universität Mainz, Band 13, 1979, S.726
Johann Philipp Franz Graf von Schönborn;;;1682;;1682-;Ernennung;Domizellar;Würzburg;Germany;;;Bischofslexikon von Gatz, S. 442
Johann Philipp Franz Graf von Schönborn;;;1682;;1682-;Aufschwörung;Stiftsherr;Mainz;Germany;Kollegialstift St. Alban;;"""Johann Philipp Franz Graf von Schönborn"", in: Germania Sacra"
Johann Philipp Franz Graf von Schönborn;;;1682;;1682-;Eintritt;;Würzburg;Germany;Würzburger Domkapitel;;Hersche, S. 195
Johann Philipp Franz Graf von Schönborn;;;1687;;1687-;Aufschwörung;Domherr;Mainz;Germany;Mainzer Domkapitel;;"""Johann Philipp Franz Graf von Schönborn"", in: Germania Sacra"
Johann Philipp Franz Graf von Schönborn;;;1694;;1694-;Aufschwörung;Domherr;Bamberg;Germany;Bamberger Domkapitel;;"""Johann Philipp Franz Graf von Schönborn"", in Germania Sacra"
Johann Philipp Franz Graf von Schönborn;;;1698;;1698-;Resignation;Domherr;Bamberg;Germany;Bamberger Domkapitel;;"""Johann Philipp Franz Graf von Schönborn"", in Germania Sacra"
Johann Philipp Franz Graf von Schönborn;;;1697;1698;1697-1698;Kavalierstour;;Niederlande;Netherlands;;;Bischofslexikon von Gatz, S. 442
Johann Philipp Franz Graf von Schönborn;;;1697;1698;1697-1698;Kavalierstour;;England;United Kingdom;;;Bischofslexikon von Gatz, S. 442
Johann Philipp Franz Graf von Schönborn;;;1697;1698;1697-1698;Kavalierstour;;Paris;France;;;Bischofslexikon von Gatz, S.442
Johann Philipp Franz Graf von Schönborn;;;1698;;1698-;Resignation;;Bamberg;Germany;Bamberger Domkapitel;;Hersche, S. 75
Johann Philipp Franz Graf von Schönborn;;;1699;;1699-;Aufschwörung;Domherr;Würzburg;Germany;Würzburger Domkapitel;;"Wendehorst, Alfred ""Johann Philipp Franz"", in: Neuere Deutsche Biographie 10 (1974), S.  546"
Johann Philipp Franz Graf von Schönborn;;;1699;;1699-;Wahl ;Probst;Frankfurt;Germany;St. Bartholomäus;;"Wendehorst, Alfred ""Johann Philipp Franz"", in: Neuere Deutsche Biographie 10 (1974), S. 546"
Johann Philipp Franz Graf von Schönborn;;;1703;;1703-;Resignation;Stiftsherr;Mainz;Germany;Kollgialstift St. Alban;;"""Johann Philipp Franz Graf von Schönborn"", in Germania Sacra"
Johann Philipp Franz Graf von Schönborn;;;1704;;1704-;Wahl ;Domprobst;Würzburg;Germany;Würzburger Domkapitel;;"""Johann Philipp Franz Graf von Schönborn"", in Germania Sacra"
Johann Philipp Franz Graf von Schönborn;;;1719;;1719-;Resignation;Domprobst;Würzburg;Germany;Würzburger Domkapitel;;"""Johann Philipp Franz Graf von Schönborn"", in Germania Sacra"
Johann Philipp Franz Graf von Schönborn;;;1714;;1714-;Wahl ;Domprobst;Mainz;Germany;Mainzer Domkapitel;;"""Johann Philipp Franz Graf von Schönborn"", in Germania Sacra"
Johann Philipp Franz Graf von Schönborn;;;1717;;1717-;Ernennung ;mainzischer Statthalter;Erfurt;Germany;;;Bischofslexikon von Gatz, S. 442
Johann Philipp Franz Graf von Schönborn;;;1719;;1719-;Ernennung ;Rektor;Würzburg;Germany;Julius-Maximilians Universität;;Würzburg Wiki
Johann Philipp Franz Graf von Schönborn;;;1719;;1719-;Resignation wegen Wahl zum Bischof;;Würzburg;Germany;Würzburger Domkapitel;;Hersche, S. 195
Johann Philipp Franz Graf von Schönborn;;;1721;;1721-;Niederlegung des Amtes;Rektor;Würzburg;Germany;Julius-Maximilians Universität;;Würzburg Wiki
Johann Philipp Franz Graf von Schönborn;;;22.7.1720 ;;720 -;Weihe  ;Diakon;Würzburg;Germany;Schlosskirche Marienberg;;Bischofslexikon von Gatz, S.442
Johann Philipp Franz Graf von Schönborn;;;25.7.1720;;1720-;Weihe;Priester;Würzburg;Germany;Schlosskirche Marienberg;;Bischofslexikon von Gatz, S.442
Johann Philipp Franz Graf von Schönborn;;;10.11.1720;;1720-;Weihe;Bischof;Würzburg;Germany;Dom;;Bischofslexikon von Gatz, S. 442
Johann Philipp Franz Graf von Schönborn;;;18.9.1719;;1719-;Wahl ;Bischof;Würzburg;Germany;;;Bärmann, Johannes: Verzeichnis der Studierenden der alten Universität  Mainz, Band 13, 1979, S. 726
Johann Philipp Franz Graf von Schönborn;;;1719;;1719-;Weihe;Bischof;Würzburg;Germany;;;"""Johann Philipp Franz Graf von Schönborn"", in Germania Sacra"
Adolph Hund von Saulheim;;;um 1595;;1595-;Geburt;;Speyer;Germany;;;Thesaurus Personarum, Pfälzische Personengeschichte
Adolph Hund von Saulheim;;;19.04.1668;;1668-;Tod;;Mainz;Germany;bestattet in der Marienkapelle des Domes;;Würzburg Wiki
Adolph Hund von Saulheim;;;04.04.1609;;1609-;Weihe;Tonsur;;Germany;;;Germania Sacra: Historisch-statistische Beschreibung der Kirche des Alten Reiches. Neue Folge 40. Die Bistümer der Kirchenprovinz Mainz, hrsg. vom Max-Planck-Institut für Geschichte, 2001, S. 225
Adolph Hund von Saulheim;;;04.04.1609;;1609-;Weihe;niedere Weihen;;Germany;;;Germania Sacra: Historisch-statistische Beschreibung der Kirche des Alten Reiches. Neue Folge 40. Die Bistümer der Kirchenprovinz Mainz, hrsg. vom Max-Planck-Institut für Geschichte
Adolph Hund von Saulheim;;;04.04.1609;;1609-;Ernennung;Domizellar;;Germany;;;Germania Sacra: Historisch-statistische Beschreibung der Kirche des Alten Reiches. Neue Folge 40. Die Bistümer der Kirchenprovinz Mainz, hrsg. vom Max-Planck-Institut für Geschichte, 2001, S.225
Adolph Hund von Saulheim;;;1610;;1610-;Aufschwörung;Domherr;Mainz;Germany;Mainzer Domkapitel;;Germania Sacra: Historisch-statistische Beschreibung der Kirche des Alten Reiches. Neue Folge 40. Die Bistümer der Kirchenprovinz Mainz, hrsg. vom Max-Planck-Institut für Geschichte
Adolph Hund von Saulheim;;;16.03.1613;;1613-;Beurlaubung zum Studium;;Köln;Germany;;;Germania Sacra: Historisch-statistische Beschreibung der Kirche des Alten Reiches. Neue Folge 40. Die Bistümer der Kirchenprovinz Mainz, hrsg. vom Max-Planck-Institut für Geschichte, 2001, S. 225
Adolph Hund von Saulheim;;;29.04.1613;;1613-;Immatrikulation;;Köln;Germany;;;Germania Sacra: Historisch-statistische Beschreibung der Kirche des Alten Reiches. Neue Folge 40. Die Bistümer der Kirchenprovinz Mainz, hrsg. vom Max-Planck-Institut für Geschichte
Adolph Hund von Saulheim;;;1613;;1613-;Aufschwörung ;Domherr;Würzburg;Germany;Würzburger Domkapitel;;Germania Sacra: Historisch-statistische Beschreibung der Kirche des Alten Reiches. Neue Folge 40. Die Bistümer der Kirchenprovinz Mainz, hrsg. vom Max-Planck-Institut für Geschichte, 2001, S. 225.
Adolph Hund von Saulheim;;;1615;;1615-;Resignation;Domherr;Würzburg;Germany;;;Germania Sacra: Historisch-statistische Beschreibung der Kirche des Alten Reiches. Neue Folge 40. Die Bistümer der Kirchenprovinz Mainz, hrsg. vom Max-Planck-Institut für Geschichte
Adolph Hund von Saulheim;;;06.10.1615;;1615-;Immatrikulation;;Ingolstadt;Germany;Studium der Rechte;;Germania Sacra: Historisch-statistische Beschreibung der Kirche des Alten Reiches. Neue Folge 40. Die Bistümer der Kirchenprovinz Mainz, hrsg. vom Max-Planck-Institut für Geschichte
Adolph Hund von Saulheim;;;04.11.1618;;1618-;Beurlaubung zum studium voluntarium;;Mainz;Germany;;;Germania Sacra: Historisch-statistische Beschreibung der Kirche des Alten Reiches. Neue Folge 40. Die Bistümer der Kirchenprovinz Mainz, hrsg. vom Max-Planck-Institut für Geschichte, 2001, S.225
Adolph Hund von Saulheim;;;18.06.1619;;1619-;Aufschwörung;Kapitular;;Germany;;;Germania Sacra: Historisch-statistische Beschreibung der Kirche des Alten Reiches. Neue Folge 40. Die Bistümer der Kirchenprovinz Mainz, hrsg. vom Max-Planck-Institut für Geschichte
Adolph Hund von Saulheim;;;1621;;1621-;Aufschwörung ;Domherr;Würzburg;Germany;;;Germania Sacra: Historisch-statistische Beschreibung der Kirche des Alten Reiches. Neue Folge 40. Die Bistümer der Kirchenprovinz Mainz, hrsg. vom Max-Planck-Institut für Geschichte, 2001, S.225
Adolph Hund von Saulheim;;;1623;;1623-;Resignation;Domherr;Würzburg;Germany;Würzburger Domkapitel;;Germania Sacra: Historisch-statistische Beschreibung der Kirche des Alten Reiches. Neue Folge 40. Die Bistümer der Kirchenprovinz Mainz, hrsg. vom Max-Planck-Institut für Geschichte, 2001, S.225
Adolph Hund von Saulheim;;;16.01.1624;;1624-;Wahl ;Dekan;Würzburg;Germany;Benediktinerkloster, Stift St. Burkhard;;"Germania Sacra: Historisch-statistische Beschreibung der Kirche des Alten Reiches. Neue Folge 40. Die Bistümer der Kirchenprovinz Mainz, hrsg. vom Max-Planck-Institut für Geschichte; Germania Sacra, 2001, S. 225"
Adolph Hund von Saulheim;;;1634;;1634-;Wahl ;Domscholaster;Mainz;Germany;;;Germania Sacra: Historisch-statistische Beschreibung der Kirche des Alten Reiches. Neue Folge 40. Die Bistümer der Kirchenprovinz Mainz, hrsg. vom Max-Planck-Institut für Geschichte, 2001, S.225
Adolph Hund von Saulheim;;;22.06.1638;;1638-;Wahl ;Domdekan;Mainz;Germany;Mainzer Domstift;;Germania Sacra: Historisch-statistische Beschreibung der Kirche des Alten Reiches. Neue Folge 40. Die Bistümer der Kirchenprovinz Mainz, hrsg. vom Max-Planck-Institut für Geschichte, 2001, S.225
Adolph Hund von Saulheim;;;1639;;1639-;Resignation;Dekan;Würzburg;Germany;Benediktinerkloster, Stift St. Burkhard;;"Germania Sacra: Historisch-statistische Beschreibung der Kirche des Alten Reiches. Neue Folge 40. Die Bistümer der Kirchenprovinz Mainz, hrsg. vom Max-Planck-Institut für Geschichte; Germania Sacra, 2001, S.225"
Adolph Hund von Saulheim;;;10.12.1652;;1652-;Wahl;Domprobst;Mainz;Germany;Mainzer Domstift;;"Germania Sacra: Historisch-statistische Beschreibung der Kirche des Alten Reiches. Neue Folge 40. Die Bistümer der Kirchenprovinz Mainz, hrsg. vom Max-Planck-Institut für Geschichte; Germania Sacra, 2001, S.225"
Marquard Schenk von Castell;;;09.08.1605;;1605-;Geburt;;Berg bei Liebenau (oder Liebenthann?) bei Augsburg;Germany;;zwei Geburtsdaten angegeben, das spätere als Taufdatum?;https://www.deutsche-biographie.de/sfz58490.html#ndbcontent_leben
Marquard Schenk von Castell;;;10.08.1605;;1605-;Geburt;;Berg bei Liebenau (oder Liebenthann?) bei Augsburg;Germany;;zwei Geburtsdaten angegeben, das spätere als Taufdatum?;https://www.deutsche-biographie.de/sfz58490.html#ndbcontent_leben
Marquard Schenk von Castell;;;1617;;1617-;Schulbesuch;;Dillingen;Germany;;;Braun, Das Domkapitel Eichstätt, S. 440
Marquard Schenk von Castell;;;28.05.1621;;1621-;Aufschwörung;Domizellar;Eichstätt;Germany;Eichstätter Domkapitel;;"https://www.deutsche-biographie.de/sfz58490.html#ndbcontent_leben; Braun, Das Domkapitel Eichstätt, S. 440"
Marquard Schenk von Castell;;;01.10.1624;;1624-;Studium;;Ingolstadt;Germany;Universität Ingolstadt;;https://www.deutsche-biographie.de/sfz58490.html#ndbcontent_leben
Marquard Schenk von Castell;1624;;;;1624-;Studium;;Rom;Germany;Pontificia Universitas Gregoriana;kein genaues Datum bekannt, sondern nur, dass er bald nach Studienbeginn in Ingolstadt an die römische Gregoriana wechselte;https://www.deutsche-biographie.de/sfz58490.html#ndbcontent_leben
Marquard Schenk von Castell;;;1625;1627;1625-1627;Studium;;Rom;Germany;Collegium Germanicum;;https://www.deutsche-biographie.de/sfz58490.html#ndbcontent_leben
Marquard Schenk von Castell;;;1627;;1627-;Aufenthalt wegen schwankender Gesundheit;;Siena;Italy;;erwähnenswert?;https://www.deutsche-biographie.de/sfz58490.html#ndbcontent_leben
Marquard Schenk von Castell;;;27.07.1627;;1627-;Studium;;Siena;Itlay;Universitas Senarum;;Braun, Das Domkapitel Eichstätt, S. 440
Marquard Schenk von Castell;;;09.12.1628;;1628-;Aufschwörung;Domizellar;Mainz;Germany;Mainzer Domkapitel;;"https://www.deutsche-biographie.de/sfz58490.html#ndbcontent_leben; Braun, Das Domkapitel Eichstätt, S. 440"
Marquard Schenk von Castell;;;1628;;1628-;Studium;;Eichstätt;Germany;Collegium Willibaldinum;;https://www.deutsche-biographie.de/sfz58490.html#ndbcontent_leben
Marquard Schenk von Castell;;;23.12.1628;;1628-;Weihe;Diakon;Eichstätt;Germany;Eichstätter Bistum;;Braun, Das Domkapitel Eichstätt, S. 440
Marquard Schenk von Castell;;;02.06.1635;;1635-;Weihe;Priester;Eichstätt;Germany;Eichstätter Bistum;;https://www.deutsche-biographie.de/sfz58490.html#ndbcontent_leben
Marquard Schenk von Castell;;;15.01.1636;;1636-;Wahl;Domdekan;Eichstätt;Germany;Eichstätter Domkapitel;;https://www.deutsche-biographie.de/sfz58490.html#ndbcontent_leben
Marquard Schenk von Castell;;;25.01.1636;;1636-;Wahl;Stiftsprobst;Eichstätt;Germany;Neuer Stift Unsere Liebe Frau;"Neuer Stift ULF = Unsere Liebe Frau?; kann er Stiftsprobst bleiben, als er Bischof wird?";Braun, Das Domkapitel Eichstätt, S. 441
Marquard Schenk von Castell;;;21.10.1636;;1636-;Wahl;Koadjutor mit dem Recht der Nachfolge;Eichstätt;Germany;Eichstätter Domkapitel;;"Rauch, S. 175; https://www.deutsche-biographie.de/sfz58490.html#ndbcontent_leben"
Marquard Schenk von Castell;;;25.08.1637;;1637-;Resignation;Domdekan;Eichstätt;Germany;Eichstätter Domkapitel;;Braun, Das Domkapitel Eichstätt, S. 441
Marquard Schenk von Castell;;;10.01.1638;;1638-;Resignation;Domkapitel;Eichstätt;Germany;Eichstätter Domkapitel;"Datum geht aus Weihe zum Bischof hervor; anders als für Resignation des Domdekanats ist für dieses Ereignis kein genaues Datum überliefert; Datum als terminus oder terminus ante quem";https://www.deutsche-biographie.de/sfz58490.html#ndbcontent_leben
Marquard Schenk von Castell;;;10.01.1638;;1638-;Weihe;Bischof;Eichstätt;Germany;Eichstätter Domkapitel;;https://www.deutsche-biographie.de/sfz58490.html#ndbcontent_leben
Marquard Schenk von Castell;;;29.8.1669;;1669-;Bestellung durch Kaiser Leopold I.;Prinzipialkommissar;Regensburg;Germany;Immerwährender Reichstag;Angabe durch Kaiser Leopold I. lassen oder weg?;https://www.deutsche-biographie.de/sfz58490.html#ndbcontent_leben
Marquard Schenk von Castell;;;1675;;1675-;Vergebliche Bewerbung um das Erzbistum;;Mainz;Germany;Mainzer Domkapitel;erwähnenswert?;https://www.deutsche-biographie.de/sfz58490.html#ndbcontent_leben
Marquard Schenk von Castell;;;06.11.1675;;1675-;Wahl;Domprobst;Mainz;Germany;Mainzer Domkapitel;;Rauch, S. 175
Marquard Schenk von Castell;;;1678;;1678-;Vergebliche Bewerbung um das Erzbistum;;Mainz;Germany;Mainzer Domkapitel;erwähnenswert?;https://www.deutsche-biographie.de/sfz58490.html#ndbcontent_leben
Marquard Schenk von Castell;;;06.03.1682;;1682-;Belehnung;Kanzler;Mainz;Germany;Kurmainz;;Braun, Das Domkapitel Eichstätt, S. 441
Marquard Schenk von Castell;;18.01.1685;;;-1685;Aufenthalt wegen Krankheit;;Kartause Prül vor den Toren von Regensburg;Germany;;"genaues Datum nicht bekannt, Fomulierung in der Literatur als ""in seinen letzten Lebensjahren""";https://www.deutsche-biographie.de/sfz58490.html#ndbcontent_leben
Marquard Schenk von Castell;;;18.01.1685;;1685-;Tod;;Regensburg;Germany;;;https://www.deutsche-biographie.de/sfz58490.html#ndbcontent_leben
Marquard Schenk von Castell;;;08.02.1685;;1685-;Beisetzung;;Eichstätt;Germany;Eichstätter Dom;;Braun, Das Domkapitel Eichstätt, S. 441
Christoph Rudolf von Stadion ;;;30.12.1638;;1638-;Geburt;;;;;Ich kann keinen genauen Ort finden;Rauch, S. 168
Christoph Rudolf von Stadion ;;;24.09.1657;;1657-;Aufschwörung;Domherr;Mainz;Germany;Mainzer Domkapitel;;"Rauch, S. 168; https://de.wikipedia.org/wiki/Christoph_Rudolf_von_Stadion"
Christoph Rudolf von Stadion ;;1664;;;-1664;Studium ;;;;;Keinen Ort und genaue Jahreszahl gefunden;https://de.wikipedia.org/wiki/Christoph_Rudolf_von_Stadion
Christoph Rudolf von Stadion ;;1664;;;-1664;Weihe;Niedere Weihen ;;Germany;;Keinen Ort und genaue Jahreszahl gefunden, wahrscheinlich in Mainz;https://de.wikipedia.org/wiki/Christoph_Rudolf_von_Stadion
Christoph Rudolf von Stadion ;;1669;;;-1669;Weihe;Priester;;;;Keinen Ort und genaue Jahreszahl gefunden, wahrscheinlich in Mainz;https://de.wikipedia.org/wiki/Christoph_Rudolf_von_Stadion
Christoph Rudolf von Stadion ;;;13.11.1669;;1669-;Ernennung;Generalvikar;Mainz;Germany;Mainzer Erzbistum;;"Constantin von Wurzbach: Stadion, Christoph Rudolf, in: Biographisches Lexikon des Kaisertums Österreich 37 (1878), S. 26; https://de.wikipedia.org/wiki/Christoph_Rudolf_von_Stadion"
Christoph Rudolf von Stadion ;;;1678;;1678-;Niederlegung;Generalvikar;Mainz;Germany;Mainzer Erzbistum;;Constantin von Wurzbach: Stadion, Christoph Rudolf, in: Biographisches Lexikon des Kaisertums Österreich 37 (1878), S. 26
Christoph Rudolf von Stadion ;1679;;;;1679-;Reise an den kaiserlichen Hof zur offiziellen Einholung des Kurmainzer Reichslehen ;Gesandter;Wien;Germany;Kaiserlicher Hof;;https://de.wikipedia.org/wiki/Christoph_Rudolf_von_Stadion
Christoph Rudolf von Stadion ;;;08.03.1685;;1685-;Wahl;Domdekan;Mainz;Germany;Mainzer Domkapitel;;Rauch, S. 168
Christoph Rudolf von Stadion ;;;10.01.1695;;1695-;Wahl;Domprobst;Mainz;Germany;Domkapitel Mainz;;"Rauch, S. 175; Constantin von Wurzbach: Stadion, Christoph Rudolf, in: Biographisches Lexikon des Kaisertums Österreich 37 (1878), S. 26"
Christoph Rudolf von Stadion ;;;;;-;Wahl;Probst;Mainz;Germany;Ritterstift St. Alban ;;"Rauch, S. 175; Constantin von Wurzbach: Stadion, Christoph Rudolf, in: Biographisches Lexikon des Kaisertums Österreich 37 (1878), S. 26"
Christoph Rudolf von Stadion ;;;;;-;Wahl;Probst;Frankfurt;Germany;St. Bartholomäusstift zu Frankfurt ;;"Rauch, S. 175; Constantin von Wurzbach: Stadion, Christoph Rudolf, in: Biographisches Lexikon des Kaisertums Österreich 37 (1878), S. 26"
Christoph Rudolf von Stadion ;;;;;-;Ernennung;Geheimrat;Mainz;Germany;Kurmainz;;Constantin von Wurzbach: Stadion, Christoph Rudolf, in: Biographisches Lexikon des Kaisertums Österreich 37 (1878), S. 26
Christoph Rudolf von Stadion ;1679;;;;1679-;Ernennung;Hofratspräsident ;Mainz;Germany;Kurmainz;;Constantin von Wurzbach: Stadion, Christoph Rudolf, in: Biographisches Lexikon des Kaisertums Österreich 37 (1878), S. 26
Christoph Rudolf von Stadion ;;;;;-;Ernennung;Statthalter zu Erfurt ;Erfurt;Germany;;;Constantin von Wurzbach: Stadion, Christoph Rudolf, in: Biographisches Lexikon des Kaisertums Österreich 37 (1878), S. 26
Christoph Rudolf von Stadion ;;;1699;;1699-;Ernennung;Rector magnificus ;Erfurt;Germany;;;"Constantin von Wurzbach: Stadion, Christoph Rudolf, in: Biographisches Lexikon des Kaisertums Österreich 37 (1878), S. 26; https://www.uni-erfurt.de/fileadmin/fakultaet/philosophische/Historisches_Seminar/Forschung/Geschichte_der_aelteren_Erfurter_Universitaet/Liste_Rektoren_Universitaet_Erfurt.pdf"
Christoph Rudolf von Stadion ;;;17.01.1700;;1700-;Tod;;Mainz;Germany;;;"Rauch, S. 175; https://de.wikipedia.org/wiki/Christoph_Rudolf_von_Stadion"
Heinrich Ferdinand von der Leyen;;;31.03.1642;;1642-;Geburt;;Köln;Germany;;;"Rauch, S. 175; https://de.wikipedia.org/wiki/Heinrich_Ferdinand_von_der_Leyen_zu_Nickenich"
Heinrich Ferdinand von der Leyen;;1653;;;-1653;Schulbesuch;;Köln;Germany;;Keine Jahreszahl gefunden;https://de.wikipedia.org/wiki/Heinrich_Ferdinand_von_der_Leyen_zu_Nickenich
Heinrich Ferdinand von der Leyen;;1653;;;-1653;Schulbesuch;;Trier;Germany;;Keine Jahreszahl gefunden;https://de.wikipedia.org/wiki/Heinrich_Ferdinand_von_der_Leyen_zu_Nickenich
Heinrich Ferdinand von der Leyen;;;09.07.1653;;1653-;Ernennung;Domizellar;Trier;Germany;Trierer Domkapitel;;"https://de.wikipedia.org/wiki/Heinrich_Ferdinand_von_der_Leyen_zu_Nickenich; Das Domkapitel zu Eichstätt, S. 350"
Heinrich Ferdinand von der Leyen;;;02.06.1656;;1656-;Ernennung;Domizellar;Eichstätt;Germany;Eichstätter Domkapitel;;Hersche, S. 90
Heinrich Ferdinand von der Leyen;;;02.12.1664;;1664-;Ernennung ;Domizellar;Mainz;Germany;Mainzer Domkapitel;;"Rauch, S. 175; Das Domkapitel zu Eichstätt, S. 350"
Heinrich Ferdinand von der Leyen;;;26.04.1667;;1667-;Aufschwörung;Domherr;Eichstätt;Germany;Eichstätter Domkapitel;;Das Domkapitel zu Eichstätt, S. 350
Heinrich Ferdinand von der Leyen;;;12.11.1667;;1667-;Reise im kurtrier. Auftrag und der visitatio liminum;Gesandter;Rom;Germany;;;Das Domkapitel zu Eichstätt, S. 350
Heinrich Ferdinand von der Leyen;;;04.08.1673;;1673-;Reise im kurtrier. Auftrag zum Reichstag;Gesandter;Regensburg;Germany;;;Das Domkapitel zu Eichstätt, S. 350
Heinrich Ferdinand von der Leyen;;;1673;;1673-;Aufschwörung;Domherr;Trier;Germany;Trierer Domkapitel;;Germania Sacra, Neue Folge 19, Die Bistümer der Kirchenprovinz Trier, S. 313
Heinrich Ferdinand von der Leyen;;;08.03.1676;25.02.1677;1676-1677;Reise im kurtrier. Auftrag zum Kaiser;Gesandter;Wien;Austria;;;"Germania Sacra, Neue Folge 19, Die Bistümer der Kirchenprovinz Trier, S. 313; Das Domkapitel zu Eichstätt, S. 350; https://de.wikipedia.org/wiki/Heinrich_Ferdinand_von_der_Leyen_zu_Nickenich"
Heinrich Ferdinand von der Leyen;;;1679;;1679-;Wahl;Domprobst;Karden an der Mosel;Europe;"Trierer Erzbistum; Kollegiatstift St. Kastor, Karden";;Germania Sacra, Neue Folge 19, Die Bistümer der Kirchenprovinz Trier, S. 313
Heinrich Ferdinand von der Leyen;;;26.01.1679;;1679-;Ernennung ;Archidiakon;Karden an der Mosel;Europe;"Trierer Erzbistum; Kollegiatstift St. Kastor, Karden";;https://de.wikipedia.org/wiki/Heinrich_Ferdinand_von_der_Leyen_zu_Nickenich
Heinrich Ferdinand von der Leyen;;;27.05.1679;;1679-;Aufschwörung;Domherr;Mainz;Germany;Mainzer Domkapitel;;Rauch, S. 175 
Heinrich Ferdinand von der Leyen;;;29.03.1682;08.01.1683;1682-1683;Reise im kurtrier. außerordentl. Auftrag zum Deputationstag;Gesandter;Frankfurt;Germany;;;Das Domkapitel zu Eichstätt, S. 350
Heinrich Ferdinand von der Leyen;;;15.12.1689;24.01.1690;1689-1690;Reise als Deputierter zum Wahltag;Gesandter;Augsburg;Germany;;;"Das Domkapitel zu Eichstätt, S. 350; https://de.wikipedia.org/wiki/Heinrich_Ferdinand_von_der_Leyen_zu_Nickenich"
Heinrich Ferdinand von der Leyen;;;16.02.1691;08.06.1691;1691-1691;Reise im kurtrier. Auftrag ;Gesandter;England;United Kingdom;;;Das Domkapitel zu Eichstätt, S. 350 f.
Heinrich Ferdinand von der Leyen;;;16.02.1700;;1700-;Wahl;Domprobst;Mainz;Germany;Mainzer Domkapitel;;Rauch, S. 176
Heinrich Ferdinand von der Leyen;;;14.01.1705;;1705-;Wahl;Fürstbischof;Eichstätt;Germany;Eichstätter Hochstift;;Das Domkapitel zu Eichstätt, S. 351
Heinrich Ferdinand von der Leyen;;;1705;;1705-;Resignation und Ablehnung der Wahl zum Fürstbischof;;Eichstätt;Germany;"Eichstätter Domkapitel; Eichstätter Hochstift";;"Germania Sacra, Neue Folge 19, Die Bistümer der Kirchenprovinz Trier, S. 313; Hersche, S. 90 https://de.wikipedia.org/wiki/Heinrich_Ferdinand_von_der_Leyen_zu_Nickenich"
Heinrich Ferdinand von der Leyen;;;08.03.1714;;1714-;Tod;;Mainz;Germany;;;"Rauch, S. 176; https://de.wikipedia.org/wiki/Heinrich_Ferdinand_von_der_Leyen_zu_Nickenich"
Hugo Wolfgang von Kesselstatt;;;1659;;1659-;Geburt;;evtl. Kesselstadt?;Germany;;;https://de.wikipedia.org/wiki/Hugo_Wolfgang_von_Kesselstatt
Hugo Wolfgang von Kesselstatt;;;1687;;1687-;Aufschwörung;Domherr;Mainz;Germany;Mainzer Domkapitel;bei Hersche Vorsicht geboten, Johann Wolfgang Hugo ist eig. erst 1791 geb. u. Dompropst in Trier (1723-1730), aber er meint hier wohl Hugo, denn als Sterbedatum gibt er 1738 und nicht 1730 an.;"Hersche, S. 130;"
Hugo Wolfgang von Kesselstatt;;;1699;;1699-;Wahl;Scholaster;Trier;Germany;Trierer Domkapitel;(höchstes Amt);Hersche, S.184.
Hugo Wolfgang von Kesselstatt;;;;;-;Aufschwörung;Domherr?;Lüttich;Belgium;Lütticher Domkapitel;im Kapitel zu Lüttich nicht verzeichnet, obwohl bei Eintrag in Trier u. Mz Lüttich dabei steht.;
Hugo Wolfgang von Kesselstatt;;;;;-;Aufschwörung;Domherr?;Halberstadt;Germany;Halberstadter Domkapitel;in Hersche nachsehen;
Hugo Wolfgang von Kesselstatt;;;;;-;Kurtrierischer Geheimrat;kurtrierischer Geheimrat;Trier;Germany;;;https://de.wikipedia.org/wiki/Hugo_Wolfgang_von_Kesselstatt
Hugo Wolfgang von Kesselstatt;;;1699;;1699-;Wahl;Kantor;Mainz;Germany;Mainzer Domkapitel;;Rauch, S.176
Hugo Wolfgang von Kesselstatt;;;1709;;1709-;Wahl;Dekan;Mainz;Germany;Mainzer Domkapitel;;Rauch, S. 176, https://www.archivportal-d.de/item/YD4OU42NHIDVH4FCNTLSYHTP5B4TOXBB
Hugo Wolfgang von Kesselstatt;;;18.09.1724;;1724-;Wahl;Domprobst;Mainz;Germany;Mainzer Domkapitel;;Rauch, S. 176
Hugo Wolfgang von Kesselstatt;;;30.09.1724;;1724-;Konfirmation;Domprobst;Mainz;Germany;Mainzer Domkapitel;;Rauch, S. 176
Hugo Wolfgang von Kesselstatt;;;02.01.1738;;1738-;Tod;;Mainz;Germany;;;Rauch, S. 176
Heinrich Wilhelm Harff von Dreyborn;;;22.09.1715;;1715-;Geburt;;;Germany;;;Rauch, S. 177.
Heinrich Wilhelm Harff von Dreyborn;;;24.09.1715;;1715-;Taufe;;;Germany;;;
Heinrich Wilhelm Harff von Dreyborn;;25.05.1735;;;-1735;Studium;;Reims;Germany;Universität Reims;"Dauer: 1 J u. 6 Wochen; noch genaue Quelle, außer:";Dylong, S. 372
Heinrich Wilhelm Harff von Dreyborn;;;25.05.1735;;1735-;Aufschwörung;Domherr;Mainz;Germany;Mainzer Domkapitel;;Rauch, S. 177.
Heinrich Wilhelm Harff von Dreyborn;;;18.04.1741;;1741-;Aufschwörung;;Hildesheim;Germany;Hildesheimer Domkapitel;;Dylong, S. 372.
Heinrich Wilhelm Harff von Dreyborn;1744;1745;;;1744-1745;Inbesitznahme der Propstei Maxstatt;Domherr?;wenn ich das richtig recherchiert habe, Mainz?;Germany;;;archiv NRW unter Urkunden (773)
Heinrich Wilhelm Harff von Dreyborn;;;1745;;1745-;Aufschwörung;Domherr;Trier;Germany;Trierer Domkapitel;;Hersche, S. 185., Dylong, S. 372
Heinrich Wilhelm Harff von Dreyborn;Dez. 1749;Jan. 1750;;;1749-1750;Resignation;;Hildesheim;Germany;Hildesheimer Domkapitel;;Dylong, S. 372.
Heinrich Wilhelm Harff von Dreyborn;;;1758;;1758-;Resignation;;Trier;Germany;Trierer Domkapitel;stimmt das so? Im Staatskalender steht 1773, dass er Domizellar in TR sei. Evtl. wieder eingetreten? Ist sowas problemlos mgl.? Dylong sagt, 1775 ausgetreten;
Heinrich Wilhelm Harff von Dreyborn;;;1778;;1778-;Jubilarius;;Mainz(?);Germany;;;https://zs.thulb.uni-jena.de/rsc/viewer/jportal_derivate_00239406/ADR_Erfurt_129931128_1779_0042.tif
Heinrich Wilhelm Harff von Dreyborn;;;26.07.1779;;1779-;Wahl;Domprobst;Mainz;Germany;Mainzer Domkapitel;;Rauch, S. 177.
Heinrich Wilhelm Harff von Dreyborn;;;04.08.1779;;1779-;Konfirmation;Domprobst;Mainz;Germany;Mainzer Domkapitel;;Rauch, S. 177.
Heinrich Wilhelm Harff von Dreyborn;1773;1781;;;1773-1781;Ernennung;Archidiakon;Rheingau;Germany;;evtl. auch noch später erst, aber Staatskalender 1774-1776 fehlen mir;https://zs.thulb.uni-jena.de/rsc/viewer/jportal_derivate_00239406/ADR_Erfurt_129931128_1779_0042.tif
Heinrich Wilhelm Harff von Dreyborn;;1770;;;-1770;Vicedominus;Vicedominus;Bingen;Germany;;ab 1780 im Staatskalender n. mehr aufgeführt.;https://zs.thulb.uni-jena.de/rsc/viewer/jportal_derivate_00239406/ADR_Erfurt_129931128_1779_0042.tif
Heinrich Wilhelm Harff von Dreyborn;;1781;;;-1781;Wahl;Probst;Morstadt (?);Germany;Kollegiatstift St. Martini Donati und Nazarii;;https://zs.thulb.uni-jena.de/rsc/viewer/jportal_derivate_00239406/ADR_Erfurt_129931128_1779_0042.tif
Heinrich Wilhelm Harff von Dreyborn;;1781;;;-1781;Wahl;Probst;Mainz;Germany;St. Mauriz;;https://zs.thulb.uni-jena.de/rsc/viewer/jportal_derivate_00239406/ADR_Erfurt_129931128_1779_0042.tif
Heinrich Wilhelm Harff von Dreyborn;;;24.08.1781;;1781-;Tod;;Mainz?;Germany;;;Rauch, S. 177.
Johann Wilhelm Wolff-Metternich zur Gracht;;;13.11.1624;;1624-;Geburt;;;Germany;;;Wikipedia
Johann Wilhelm Wolff-Metternich zur Gracht;;;30.11.1624;;1624-;Geburt;;;Germany;;;Rauch, S. 154
Johann Wilhelm Wolff-Metternich zur Gracht;;;30.09.1630;;1630-;Aufschwörung;Domizellar;Mainz;Germany;Mainzer Domkapitel;Unterschiedliche Angaben bei Rauch und Herrsche;Rauch, S. 154
Johann Wilhelm Wolff-Metternich zur Gracht;;;1631;;1631-;Aufschwörung;Domizellar;Mainz;Germany;Mainzer Domkapitel;Unterschiedliche Angaben bei Rauch und Herrsche;Herrsche, S. 128
Johann Wilhelm Wolff-Metternich zur Gracht;;;1644;;1644-;Aufschwörung;Domizellar;Paderborn;Germany;Paderborner Domkapitel;;Herrsche, S. 147
Johann Wilhelm Wolff-Metternich zur Gracht;;;1649;;1649-;Aufschwörung;Domizellar;Münster;Germany;Münster Domkapitel;Laut Becker-Huberti, Die Tridentische Reform im Bistum Münster, S. 341 zurückdatiert auf 1642;Herrsche, S. 135
Johann Wilhelm Wolff-Metternich zur Gracht;;1650;;;-1650;Studium;;Rom;Italy;Collegium Germanicum;Keine genauere Angabe bei Becker-Huberti und auch kein Verweis, woraus diese Angabe stammt;Becker-Huberti, Die Tridentische Reform im Bistum Münster, S. 47 mit Anm. 27
Johann Wilhelm Wolff-Metternich zur Gracht;;;12.11.1674;;1674-;Wahl;Domscholaster;Mainz;Germany;Mainzer Domkapitel;Laut Wikipedia wird er 1675 Domscholaster, so auch laut Becker-Huberti, Die Tridentische Reform im Bistum Münster, S. 341 ;"Rauch, S. 154; Wikipedia"
Johann Wilhelm Wolff-Metternich zur Gracht;;;4.11.1679;;1679-;Resignation;Domscholaster;Mainz;Germany;Mainzer Domkapitel;;Rauch, S. 167
Johann Wilhelm Wolff-Metternich zur Gracht;;;4.11.1679;;1679-;Wahl;Domdekan;Mainz;Germany;Mainzer Domkapitel;;Rauch, S. 167
Johann Wilhelm Wolff-Metternich zur Gracht;;;20.2.1685;;1685-;Resignation;Domdekan;Mainz;Germany;Mainzer Domkapitel;;Rauch, S. 175
Johann Wilhelm Wolff-Metternich zur Gracht;;;20.2.1685;;1685-;Wahl;Domprobst;Mainz;Germany;Mainzer Domkapitel;Becker-Huberti, Die Tridentische Reform im Bistum Münster, S. 341, hat für dieses Amt das Jahr 1687;Rauch, S. 175
Johann Wilhelm Wolff-Metternich zur Gracht;;;1693;;1693-;Resignation;Domherr;Münster;Germany;Münster Domkapitel;;Becker-Huberti, Die Tridentische Reform im Bistum Münster, S. 341
Johann Wilhelm Wolff-Metternich zur Gracht;;15.12.1694;;;-1694;Ernennung;Geheimer Rat;Mainz;Germany;Kurmainz;übte dieses Amt laut seinem Grabstein aus;https://books.google.de/books?id=xHwAAAAAcAAJ&pg=PA67#v=onepage&q&f=false
Johann Wilhelm Wolff-Metternich zur Gracht;;;15.12.1694;;1694-;Tod;;;Germany;;;Rauch, S. 154, Wikipedia
