pers_name,event_after-date,event_before-date,event_start,event_end,display_date,event_type,pers_function,inst_name,place_name,place_count,country,comment,source,
Adolph Hund von Saulheim,#,#,um 1595,#,1595,Geburt,#,#,Speyer,4,Germany,#,"Thesaurus Personarum, Pfälzische Personengeschichte",
Adolph Hund von Saulheim,#,#,19.04.1668,#,1668,Tod,#,bestattet in der Marienkapelle des Domes,Mainz,80,Germany,#,Würzburg Wiki,
Adolph Hund von Saulheim,#,#,04.04.1609,#,1609,Tonsur,Tonsur,#,#,26,Germany,#,"Wendehorst :Germania Sacra: Historisch-statistische Beschreibung der Kirche des Alten Reiches. Neue Folge 40. Die Bistümer der Kirchenprovinz Mainz, hrsg. vom Max-Planck-Institut für Geschichte, 2001, S. 225",
Adolph Hund von Saulheim,#,#,04.04.1609,#,1609,Weihe,niedere Weihen,#,#,26,Germany,#,"Wendehorst: Germania Sacra: Historisch-statistische Beschreibung der Kirche des Alten Reiches. Neue Folge 40. Die Bistümer der Kirchenprovinz Mainz, hrsg. vom Max-Planck-Institut für Geschichte",
Adolph Hund von Saulheim,#,#,04.04.1609,#,1609,Aufschwörung,Domherr,#,#,26,Germany,#,"Wendehorst: Germania Sacra: Historisch-statistische Beschreibung der Kirche des Alten Reiches. Neue Folge 40. Die Bistümer der Kirchenprovinz Mainz, hrsg. vom Max-Planck-Institut für Geschichte, 2001, S.225",
Adolph Hund von Saulheim,#,#,1610,#,1610,Aufschwörung,Domherr,Mainzer Domkapitel,Mainz,80,Germany,#,"Wendehorst: Germania Sacra: Historisch-statistische Beschreibung der Kirche des Alten Reiches. Neue Folge 40. Die Bistümer der Kirchenprovinz Mainz, hrsg. vom Max-Planck-Institut für Geschichte",
Adolph Hund von Saulheim,#,#,29.04.1613,#,1613,Immatrikulation,#,#,Köln,5,Germany,#,"Wendehorst: Germania Sacra: Historisch-statistische Beschreibung der Kirche des Alten Reiches. Neue Folge 40. Die Bistümer der Kirchenprovinz Mainz, hrsg. vom Max-Planck-Institut für Geschichte",
Adolph Hund von Saulheim,#,#,1613,#,1613,Aufschwörung,Domherr,Würzburger Domkapitel,Würzburg,26,Germany,#,"Wendehorst: Germania Sacra: Historisch-statistische Beschreibung der Kirche des Alten Reiches. Neue Folge 40. Die Bistümer der Kirchenprovinz Mainz, hrsg. vom Max-Planck-Institut für Geschichte, 2001, S. 225.",
Adolph Hund von Saulheim,#,#,1615,#,1615,Resignation,Domherr,Würzburger Domkapitel,Würzburg,26,Germany,#,"Wendehorst: Germania Sacra: Historisch-statistische Beschreibung der Kirche des Alten Reiches. Neue Folge 40. Die Bistümer der Kirchenprovinz Mainz, hrsg. vom Max-Planck-Institut für Geschichte",
Adolph Hund von Saulheim,#,#,06.10.1615,#,1615,Immatrikulation,#,Juristische Fakultät,Ingolstadt,2,Germany,Studium der Rechte,"Wendehorst: Germania Sacra: Historisch-statistische Beschreibung der Kirche des Alten Reiches. Neue Folge 40. Die Bistümer der Kirchenprovinz Mainz, hrsg. vom Max-Planck-Institut für Geschichte",
Adolph Hund von Saulheim,#,#,04.11.1618,#,1618,Beurlaubung zum studium voluntarium,#,#,Mainz,80,Germany,#,"Wendehorst: Germania Sacra: Historisch-statistische Beschreibung der Kirche des Alten Reiches. Neue Folge 40. Die Bistümer der Kirchenprovinz Mainz, hrsg. vom Max-Planck-Institut für Geschichte, 2001, S.225",
Adolph Hund von Saulheim,#,#,18.06.1619,#,1619,Aufschwörung,Kapitular,#,#,26,Germany,#,"Wendehorst: Germania Sacra: Historisch-statistische Beschreibung der Kirche des Alten Reiches. Neue Folge 40. Die Bistümer der Kirchenprovinz Mainz, hrsg. vom Max-Planck-Institut für Geschichte",
Adolph Hund von Saulheim,#,#,1621,#,1621,Aufschwörung,Domherr,#,Würzburg,26,Germany,#,"Wendehorst: Germania Sacra: Historisch-statistische Beschreibung der Kirche des Alten Reiches. Neue Folge 40. Die Bistümer der Kirchenprovinz Mainz, hrsg. vom Max-Planck-Institut für Geschichte, 2001, S.225",
Adolph Hund von Saulheim,#,#,1623,#,1623,Resignation,Domherr,Würzburger Domkapitel,Würzburg,26,Germany,#,"Wendehorst: Germania Sacra: Historisch-statistische Beschreibung der Kirche des Alten Reiches. Neue Folge 40. Die Bistümer der Kirchenprovinz Mainz, hrsg. vom Max-Planck-Institut für Geschichte, 2001, S.225",
Adolph Hund von Saulheim,#,#,16.01.1624,#,1624,Wahl,Dekan,Stift St. Burkhard,Würzburg,26,Germany,#,"Wendehorst: Germania Sacra: Historisch-statistische Beschreibung der Kirche des Alten Reiches. Neue Folge 40. Die Bistümer der Kirchenprovinz Mainz, hrsg. vom Max-Planck-Institut für Geschichte; Germania Sacra, 2001, S. 225",
Adolph Hund von Saulheim,#,#,1634,#,1634,Resignation wegen Wahl zum Domscholaster,Domherr,#,Mainz,80,Germany,#,#,
Adolph Hund von Saulheim,#,#,1634,#,1634,Wahl,Domscholaster,#,Mainz,80,Germany,#,"Wendehorst: Germania Sacra: Historisch-statistische Beschreibung der Kirche des Alten Reiches. Neue Folge 40. Die Bistümer der Kirchenprovinz Mainz, hrsg. vom Max-Planck-Institut für Geschichte, 2001, S.225",
Adolph Hund von Saulheim,#,#,1638,#,1638,Resignation wegen Wahl zum Domdekan,Domscholaster,#,#,26,Germany,#,#,
Adolph Hund von Saulheim,#,#,22.06.1638,#,1638,Wahl,Domdekan,Mainzer Domkapitel,Mainz,80,Germany,#,"Wendehorst: Germania Sacra: Historisch-statistische Beschreibung der Kirche des Alten Reiches. Neue Folge 40. Die Bistümer der Kirchenprovinz Mainz, hrsg. vom Max-Planck-Institut für Geschichte, 2001, S.225",
Adolph Hund von Saulheim,#,#,1639,#,1639,Resignation,Dekan,Stift St. Burkhard,Würzburg,26,Germany,#,"Wendehorst: Germania Sacra: Historisch-statistische Beschreibung der Kirche des Alten Reiches. Neue Folge 40. Die Bistümer der Kirchenprovinz Mainz, hrsg. vom Max-Planck-Institut für Geschichte; Germania Sacra, 2001, S.225",
Adolph Hund von Saulheim,#,#,10.12.1652,#,1652,Resignation wegen Wahl zum Domprobst,Domdekan,Mainzer Domkapitel,Mainz,80,Germany,#,#,
Adolph Hund von Saulheim,#,#,10.12.1652,#,1652,Wahl,Domprobst,Mainzer Domkapitel,Mainz,80,Germany,#,"Wendehorst: Germania Sacra: Historisch-statistische Beschreibung der Kirche des Alten Reiches. Neue Folge 40. Die Bistümer der Kirchenprovinz Mainz, hrsg. vom Max-Planck-Institut für Geschichte; Germania Sacra, 2001, S.225",
Christoph Rudolf von Stadion,#,#,30.12.1638,#,1638,Geburt,#,#,#,26,Germany,Ich kann keinen genauen Ort finden,"Rauch, S. 168",
Christoph Rudolf von Stadion,#,#,24.09.1657,#,1657,Aufschwörung,Domherr,Mainzer Domkapitel,Mainz,80,Germany,#,"Rauch, S. 168; https://de.wikipedia.org/wiki/Christoph_Rudolf_von_Stadion",
Christoph Rudolf von Stadion,#,1664,#,#,1664,Studium,#,#,#,26,Germany,Keinen Ort und genaue Jahreszahl gefunden,https://de.wikipedia.org/wiki/Christoph_Rudolf_von_Stadion,
Christoph Rudolf von Stadion,#,1664,#,#,1664,Weihe,Niedere Weihen,#,#,26,Germany,"Keinen Ort und genaue Jahreszahl gefunden, wahrscheinlich in Mainz",https://de.wikipedia.org/wiki/Christoph_Rudolf_von_Stadion,
Christoph Rudolf von Stadion,#,1669,#,#,1669,Weihe,Priester,#,#,26,Germany,"Keinen Ort und genaue Jahreszahl gefunden, wahrscheinlich in Mainz",https://de.wikipedia.org/wiki/Christoph_Rudolf_von_Stadion,
Christoph Rudolf von Stadion,#,#,13.11.1669,#,1669,Ernennung,Generalvikar,Mainzer Erzbistum,Mainz,80,Germany,#,"Constantin von Wurzbach: Stadion, Christoph Rudolf, in: Biographisches Lexikon des Kaisertums Österreich 37 (1878), S. 26; https://de.wikipedia.org/wiki/Christoph_Rudolf_von_Stadion",
Christoph Rudolf von Stadion,#,#,1678,#,1678,Niederlegung,Generalvikar,Mainzer Erzbistum,Mainz,80,Germany,#,"Constantin von Wurzbach: Stadion, Christoph Rudolf, in: Biographisches Lexikon des Kaisertums Österreich 37 (1878), S. 26",
Christoph Rudolf von Stadion,1679,#,#,#,1679,Reise an den kaiserlichen Hof zur offiziellen Einholung des Kurmainzer Reichslehen,Gesandter,Kaiserlicher Hof,Wien,3,Germany,#,https://de.wikipedia.org/wiki/Christoph_Rudolf_von_Stadion,
Christoph Rudolf von Stadion,#,#,08.03.1685,#,1685,Wahl,Domdekan,Mainzer Domkapitel,Mainz,80,Germany,#,"Rauch, S. 168",
Christoph Rudolf von Stadion,#,#,10.01.1695,#,1695,Wahl,Domprobst,Domkapitel Mainz,Mainz,80,Germany,"Bei Rauch: Pröpste, Propstei und Stift von Sankt Bartholomäus in Frankfurt, S. 186 steht 1696; sonst überall 1695","Rauch, S. 175; Constantin von Wurzbach: Stadion, Christoph Rudolf, in: Biographisches Lexikon des Kaisertums Österreich 37 (1878), S. 26",
Christoph Rudolf von Stadion,#,#,1695,#,1695,Wahl,Probst,Ritterstift St. Alban,Mainz,80,Germany,#,"Rauch, S. 175; Constantin von Wurzbach: Stadion, Christoph Rudolf, in: Biographisches Lexikon des Kaisertums Österreich 37 (1878), S. 26",
Christoph Rudolf von Stadion,#,#,1695,#,1695,Wahl,Probst,St. Bartholomäusstift zu Frankfurt,Frankfurt,4,Germany,#,"Rauch, S. 175; Constantin von Wurzbach: Stadion, Christoph Rudolf, in: Biographisches Lexikon des Kaisertums Österreich 37 (1878), S. 26",
Christoph Rudolf von Stadion,#,#,#,#,#,Ernennung,Geheimrat,Erzstift Mainz,Mainz,80,Germany,#,"Constantin von Wurzbach: Stadion, Christoph Rudolf, in: Biographisches Lexikon des Kaisertums Österreich 37 (1878), S. 26",
Christoph Rudolf von Stadion,1679,#,#,#,1679,Ernennung,Hofratspräsident,Erzstift Mainz,Mainz,80,Germany,#,"Constantin von Wurzbach: Stadion, Christoph Rudolf, in: Biographisches Lexikon des Kaisertums Österreich 37 (1878), S. 26",
Christoph Rudolf von Stadion,#,#,#,#,#,Ernennung,Statthalter zu Erfurt,Erzstift Mainz,Erfurt,5,Germany,#,"Constantin von Wurzbach: Stadion, Christoph Rudolf, in: Biographisches Lexikon des Kaisertums Österreich 37 (1878), S. 26",
Christoph Rudolf von Stadion,#,#,1699,#,1699,Ernennung,Rector magnificus,#,Erfurt,5,Germany,#,"Constantin von Wurzbach: Stadion, Christoph Rudolf, in: Biographisches Lexikon des Kaisertums Österreich 37 (1878), S. 26; https://www.uni-erfurt.de/fileadmin/fakultaet/philosophische/Historisches_Seminar/Forschung/Geschichte_der_aelteren_Erfurter_Universitaet/Liste_Rektoren_Universitaet_Erfurt.pdf",
Christoph Rudolf von Stadion,#,#,17.01.1700,#,1700,Tod,#,Mainzer Dom,Mainz,80,Germany,#,"Rauch, S. 175; https://de.wikipedia.org/wiki/Christoph_Rudolf_von_Stadion",
Damian Friedrich von der Leyen-Hohengeroldseck,#,#,1754,#,1754,Aufschwörung,Domherr,Bamberger Domkapitel,Bamberg,6,Germany,#,"Hersche, S. 249",
Damian Friedrich von der Leyen-Hohengeroldseck,#,#,01.02.1755,#,1755,Aufschwörung,Domherr,Bamberger Domkapitel,Bamberg,6,Germany,#,"Salver, S. 738",
Damian Friedrich von der Leyen-Hohengeroldseck,#,#,19.02.1755,#,1755,Resignation,Domherr,Bamberger Domkapitel,Bamberg,6,Germany,#,"Hersche, S. 249; Salver, S. 738",
Damian Friedrich von der Leyen-Hohengeroldseck,#,#,1754,#,1754,Aufschwörung,Domherr,Kölner Domkapitel,Köln,5,Germany,#,"Hersche, S. 249; Robins, Der ritterliche landständige Adel des Großherzogthum Niederrein, S. 277",
Damian Friedrich von der Leyen-Hohengeroldseck,#,#,10.01.1755,#,1755,Aufschwörung,Domherr,Mainzer Domkapitel,Mainz,80,Germany,#,"Rauch, S.177; Hersche, S. 249",
Damian Friedrich von der Leyen-Hohengeroldseck,#,#,1749,#,1749,Aufschwörung,Domherr,Trierer Domkapitel,Trier,7,Germany,#,"Hersche, S. 249",
Damian Friedrich von der Leyen-Hohengeroldseck,#,#,1793,#,1793,Aufschwörung,Domherr,Wormser Domkapitel,Worms,4,Germany,#,"Hersche, S. 249",
Damian Friedrich von der Leyen-Hohengeroldseck,#,#,1793,#,1793,Resignation,Domherr,Wormser Domkapitel,Worms,4,Germany,#,"Hersche, S. 249",
Damian Friedrich von der Leyen-Hohengeroldseck,#,#,1755,#,1755,Aufschwörung,Domherr,Würzburger Domkapitel,Würzburg,26,Germany,#,"Hersche, S. 249",
Damian Friedrich von der Leyen-Hohengeroldseck,#,#,1784,#,1784,Resignation,Domherr,Würzburger Domkapitel,Würzburg,26,Germany,#,"Hersche, S. 249",
Damian Friedrich von der Leyen-Hohengeroldseck,#,#,03.01.1738,#,1738,Geburt,#,#,#,26,Germany,#,"Rauch, S. 177",
Damian Friedrich von der Leyen-Hohengeroldseck,#,#,08.09.1817,#,1817,Tod,#,#,Würzburg,26,Germany,#,"Rauch, S. 177",
Damian Friedrich von der Leyen-Hohengeroldseck,#,#,24.09.1781,#,1781,Wahl,Domprobst,Mainzer Domkapitel,Mainz,80,Germany,#,"Rauch, S. 177",
Damian Friedrich von der Leyen-Hohengeroldseck,#,#,1781,#,1781,Wahl,Domprobst,Mainzer Domkapitel,Mainz,80,Germany,#,"Hersche, S. 131",
Damian Friedrich von der Leyen-Hohengeroldseck,#,#,#,#,#,Ernennung,Geheimrat,Erzstift Mainz,Mainz,80,Germany,#,"Robins, Der ritterliche landständige Adel des Großherzogthum Niederrein, S. 277",
Damian Friedrich von der Leyen-Hohengeroldseck,#,#,#,#,#,Ernennung,Ehrenritter des Malteserorden,#,Mainz,10,Germany,#,"Robins, Der ritterliche landständige Adel des Großherzogthum Niederrein, S. 277; Kurmainzischer Hof - und Staatskalender 1773, S. 7",
Damian Friedrich von der Leyen-Hohengeroldseck,#,#,1771,1774/ 75,1771,Wahl,Generalvikar,#,Mainz,10,Germany,#,"Kurmainzischer Hof- und Staatskalender 1774, S. 16; 1775, S. 17; May 2004, S. 336; Bischofslexikon, S. 271.",
Dietrich Kaspar von Fürstenberg,#,#,06.03.1615,#,1615,Geburt,#,#,Königstein,1,Germany,#,"Rauch, S. 174, Lahrkamp, S. 96",
Dietrich Kaspar von Fürstenberg,#,#,21.09.1675,#,1675,Tod,#,#,Mainz,80,Germany,#,"Hersche, S. 128; Rauch, S. 174, Lahrkamp, S. 106",
Dietrich Kaspar von Fürstenberg,#,#,1631,#,1631,Studium,#,#,Köln,2,Germany,#,"Lahrkamp, S. 96",
Dietrich Kaspar von Fürstenberg,#,#,17.09.1624,#,1624,Aufschwörung,#,Mainzer Domkapitel,Mainz,80,Germany,#,"Lahrkamp, S. 96",
Dietrich Kaspar von Fürstenberg,#,#,1636,#,1636,Aufschwörung,#,Speyerer Domkapitel,Speyer,4,Germany,#,"Lahrkamp, S. 96",
Dietrich Kaspar von Fürstenberg,#,#,15.10.1640,#,1640,Aufbruch nach Rom,#,#,Köln,2,Germany,#,"Lahrkamp, S. 97",
Dietrich Kaspar von Fürstenberg,#,#,00.01.1641,00.12.1641,1641,Aufenthalt in Rom,#,#,Rom,2,Germany,#,"Lahrkamp, S. 97",
Dietrich Kaspar von Fürstenberg,#,#,00.12.1641,00.10.1643,1641,Aufenthalt in Florenz,#,#,Florenz,1,Germany,#,"Lahrkamp, S. 97",
Dietrich Kaspar von Fürstenberg,#,#,1643,1644,1643,Kommando über eine Kompanie Kürassiere,#,#,Böhmen,1,Germany,#,"Lahrkamp, S. 97",
Dietrich Kaspar von Fürstenberg,#,#,1644,#,1644,Rückkehr nach Mainz,#,#,Mainz,80,Germany,#,"Lahrkamp, S. 97",
Dietrich Kaspar von Fürstenberg,#,#,1644,#,1644,Flucht nach Oberlahnstein,#,#,Oberlahnstein,1,Germany,#,"Lahrkamp, S. 98",
Dietrich Kaspar von Fürstenberg,#,#,1647,#,1647,Versuch spanische Truppen nach Mainz zu schmuggeln,#,#,Mainz,80,Germany,#,"Lahrkamp, S. 98",
Dietrich Kaspar von Fürstenberg,#,#,1647,#,1647,Flucht nach Brüssel,#,#,Brüssel,2,Germany,#,"Lahrkamp, S. 98",
Dietrich Kaspar von Fürstenberg,#,#,19.08.1648,#,1648,Niederlage in der Schlacht bei Lens,Obrist eines spanischen Reiterregiments,#,Lens,1,Germany,#,"Lahrkamp, S. 98",
Dietrich Kaspar von Fürstenberg,#,#,1648,#,1648,Flucht nach Douai,#,#,Douai,1,Germany,#,"Lahrkamp, S. 98",
Dietrich Kaspar von Fürstenberg,#,#,#,1650,#,Aufenthalt in Brüssel,#,#,Brüssel,2,Germany,#,"Lahrkamp, S. 99",
Dietrich Kaspar von Fürstenberg,#,#,1650,1654,1650,Asyl im Deutschordenhaus,#,#,Mechelen,1,Germany,#,"Lahrkamp, S. 99",
Dietrich Kaspar von Fürstenberg,#,#,1654,#,1654,Arbeit,"Künstler, Alchemist",#,Mainz,80,Germany,#,"Lahrkamp, S. 99 - 102",
Dietrich Kaspar von Fürstenberg,#,#,05.04.1673,#,1673,Wahl,Domprobst,Mainzer Domkapitel,Mainz,80,Germany,#,"Hersche, S. 128, Rauch, S. 174, Lahrkamp, S. 103",
Dietrich Kaspar von Fürstenberg,#,#,1672,#,1672,Resignation,Domherr,Speyrer Domkapitel,Speyer,4,Germany,Einfache Resignation,"Hersche, S. 128",
Dietrich Kaspar von Fürstenberg,#,#,1675,#,1675,Niederlage bei der Wahl zum Kurfürsten,#,#,Mainz,80,Germany,#,"Lahrkamp, S. 105",
Dietrich Kaspar von Fürstenberg,#,#,#,#,#,Grabstätte,#,#,Mainz,10,Germany,#,#,
Heinrich Ferdinand von der Leyen,#,#,31.03.1642,#,1642,Geburt,#,#,Köln,5,Germany,Geburtsdatum auf Wikipedia kann nicht stimmen,"Rauch, S. 175; https://de.wikipedia.org/wiki/Heinrich_Ferdinand_von_der_Leyen_zu_Nickenich; Mainzer Inschriften von 1651 bis 1800, S. 56",
Heinrich Ferdinand von der Leyen,#,1653,#,#,1653,Schulbesuch,#,#,Köln,5,Germany,Keine Jahreszahl gefunden,https://de.wikipedia.org/wiki/Heinrich_Ferdinand_von_der_Leyen_zu_Nickenich,
Heinrich Ferdinand von der Leyen,#,1653,#,#,1653,Schulbesuch,#,#,Trier,7,Germany,Keine Jahreszahl gefunden,https://de.wikipedia.org/wiki/Heinrich_Ferdinand_von_der_Leyen_zu_Nickenich,
Heinrich Ferdinand von der Leyen,#,#,09.07.1653,#,1653,Aufschwörung,Domherr,Trierer Domkapitel,Trier,7,Germany,#,"https://de.wikipedia.org/wiki/Heinrich_Ferdinand_von_der_Leyen_zu_Nickenich; Das Domkapitel zu Eichstätt, S. 350",
Heinrich Ferdinand von der Leyen,#,#,02.06.1656,#,1656,Aufschwörung,Domherr,Eichstätter Domkapitel,Eichstätt,15,Germany,#,"Hersche, S. 90",
Heinrich Ferdinand von der Leyen,#,#,02.12.1664,#,1664,Aufschwörung,Domherr,Mainzer Domkapitel,Mainz,80,Germany,#,"Rauch, S. 175; Das Domkapitel zu Eichstätt, S. 350",
Heinrich Ferdinand von der Leyen,#,#,12.11.1667,#,1667,Gesandtschaft,Gesandter,Trierer Erzbistum,Rom,5,Germany,visitatio liminum,"Das Domkapitel zu Eichstätt, S. 350",
Heinrich Ferdinand von der Leyen,#,#,04.08.1673,#,1673,Gesandtschaft,Gesandter,Trierer Erzbistum,Regensburg,3,Germany,zum Reichstag,"Das Domkapitel zu Eichstätt, S. 350",
Heinrich Ferdinand von der Leyen,#,#,08.03.1676,25.02.1677,1676,Gesandtschaft,Gesandter,Trierer Erzbistum,Wien,3,Germany,zum Kaiser,"Germania Sacra, Neue Folge 19, Die Bistümer der Kirchenprovinz Trier, S. 313; Das Domkapitel zu Eichstätt, S. 350; https://de.wikipedia.org/wiki/Heinrich_Ferdinand_von_der_Leyen_zu_Nickenich",
Heinrich Ferdinand von der Leyen,#,#,26.01.1679,#,1679,Ernennung,Probst,Kollegiatstift St. Kastor,Karden an der Mosel,2,Germany,#,"Germania Sacra, Neue Folge 19, Die Bistümer der Kirchenprovinz Trier, S. 313",
Heinrich Ferdinand von der Leyen,#,#,26.01.1679,#,1679,Ernennung,Archidiakon,Trierer Erzbistum,Karden an der Mosel,2,Germany,#,https://de.wikipedia.org/wiki/Heinrich_Ferdinand_von_der_Leyen_zu_Nickenich,
Heinrich Ferdinand von der Leyen,#,#,29.03.1682,08.01.1683,1682,Gesandtschaft,Gesandter,Trierer Erzbistum,Frankfurt,4,Germany,zum Deputationstag,"Das Domkapitel zu Eichstätt, S. 350",
Heinrich Ferdinand von der Leyen,#,#,15.12.1689,24.01.1690,1689,Gesandtschaft,Gesandter,Trierer Erzbistum,Augsburg,1,Germany,zum Wahltag,"Das Domkapitel zu Eichstätt, S. 350; https://de.wikipedia.org/wiki/Heinrich_Ferdinand_von_der_Leyen_zu_Nickenich",
Heinrich Ferdinand von der Leyen,#,#,16.02.1691,08.06.1691,1691,Gesandtschaft,Gesandter,Trierer Erzbistum,England,2,Germany,#,"Das Domkapitel zu Eichstätt, S. 350 f.",
Heinrich Ferdinand von der Leyen,#,#,16.02.1700,#,1700,Wahl,Domprobst,Mainzer Domkapitel,Mainz,80,Germany,#,"Rauch, S. 176",
Heinrich Ferdinand von der Leyen,#,#,14.01.1705,#,1705,Wahl,Fürstbischof,Eichstätter Hochstift,Eichstätt,15,Germany,#,"Das Domkapitel zu Eichstätt, S. 351",
Heinrich Ferdinand von der Leyen,#,#,1705,#,1705,Resignation und Ablehnung der Wahl zum Fürstbischof,#,Eichstätter Domkapitel; Eichstätter Hochstift,Eichstätt,15,Germany,#,"Germania Sacra, Neue Folge 19, Die Bistümer der Kirchenprovinz Trier, S. 313; Hersche, S. 90 https://de.wikipedia.org/wiki/Heinrich_Ferdinand_von_der_Leyen_zu_Nickenich",
Heinrich Ferdinand von der Leyen,#,#,08.03.1714,#,1714,Tod,#,Mainzer Dom,Mainz,80,Germany,#,"Rauch, S. 176; https://de.wikipedia.org/wiki/Heinrich_Ferdinand_von_der_Leyen_zu_Nickenich",
Heinrich Wilhelm Harff von Dreyborn,#,#,22.09.1715,#,1715,Geburt,#,#,#,26,Germany,#,"Rauch, S. 177.",
Heinrich Wilhelm Harff von Dreyborn,#,#,24.09.1715,#,1715,Taufe,#,#,#,26,Germany,#,#,
Heinrich Wilhelm Harff von Dreyborn,#,25.05.1735,#,#,1735,Studium,#,Universität Reims,Reims,1,Germany,"Dauer: 1 J u. 6 Wochen; noch genaue Quelle, außer:","Dylong, S. 372",
Heinrich Wilhelm Harff von Dreyborn,#,#,25.05.1735,#,1735,Aufschwörung,Domherr,Mainzer Domkapitel,Mainz,80,Germany,#,"Rauch, S. 177.",
Heinrich Wilhelm Harff von Dreyborn,#,#,18.04.1741,#,1741,Aufschwörung,#,Hildesheimer Domkapitel,Hildesheim,2,Germany,#,"Dylong, S. 372.",
Heinrich Wilhelm Harff von Dreyborn,1744,1745,#,#,1744,Inbesitznahme der Propstei Maxstatt,Domherr?,#,"wenn ich das richtig recherchiert habe, Mainz?",1,Germany,#,archiv NRW unter Urkunden (773),
Heinrich Wilhelm Harff von Dreyborn,#,#,1745,#,1745,Aufschwörung,Domherr,Trierer Domkapitel,Trier,7,Germany,#,"Hersche, S. 185., Dylong, S. 372",
Heinrich Wilhelm Harff von Dreyborn,Dez. 1749,Jan. 1750,#,#,1749,Resignation,#,Hildesheimer Domkapitel,Hildesheim,2,Germany,#,"Dylong, S. 372.",
Heinrich Wilhelm Harff von Dreyborn,#,#,1758,#,1758,Resignation,#,Trierer Domkapitel,Trier,7,Germany,"stimmt das so? Im Staatskalender steht 1773, dass er Domizellar in TR sei. Evtl. wieder eingetreten? Ist sowas problemlos mgl.? Dylong sagt, 1775 ausgetreten",#,
Heinrich Wilhelm Harff von Dreyborn,#,#,1778,#,1778,Jubilarius,#,#,Mainz(?),2,Germany,#,https://zs.thulb.uni-jena.de/rsc/viewer/jportal_derivate_00239406/ADR_Erfurt_129931128_1779_0042.tif,
Heinrich Wilhelm Harff von Dreyborn,#,#,26.07.1779,#,1779,Wahl,Domprobst,Mainzer Domkapitel,Mainz,80,Germany,#,"Rauch, S. 177.",
Heinrich Wilhelm Harff von Dreyborn,#,#,04.08.1779,#,1779,Konfirmation,Domprobst,Mainzer Domkapitel,Mainz,80,Germany,#,"Rauch, S. 177.",
Heinrich Wilhelm Harff von Dreyborn,1773,1781,#,#,1773,Ernennung,Archidiakon,#,Rheingau,1,Germany,"evtl. auch noch später erst, aber Staatskalender 1774-1776 fehlen mir",https://zs.thulb.uni-jena.de/rsc/viewer/jportal_derivate_00239406/ADR_Erfurt_129931128_1779_0042.tif,
Heinrich Wilhelm Harff von Dreyborn,#,1770,#,#,1770,Vicedominus,Vicedominus,#,Bingen,1,Germany,ab 1780 im Staatskalender n. mehr aufgeführt.,https://zs.thulb.uni-jena.de/rsc/viewer/jportal_derivate_00239406/ADR_Erfurt_129931128_1779_0042.tif,
Heinrich Wilhelm Harff von Dreyborn,#,1781,#,#,1781,Wahl,Probst,Kollegiatstift St. Martini Donati und Nazarii,Morstadt (?),1,Germany,#,https://zs.thulb.uni-jena.de/rsc/viewer/jportal_derivate_00239406/ADR_Erfurt_129931128_1779_0042.tif,
Heinrich Wilhelm Harff von Dreyborn,#,1781,#,#,1781,Wahl,Probst,St. Mauriz,Mainz,80,Germany,#,https://zs.thulb.uni-jena.de/rsc/viewer/jportal_derivate_00239406/ADR_Erfurt_129931128_1779_0042.tif,
Heinrich Wilhelm Harff von Dreyborn,#,#,24.08.1781,#,1781,Tod,#,#,Mainz?,11,Germany,#,"Rauch, S. 177.",
Hugo Franz Karl von Eltz (-Kempenich),#,#,19.11.1701,#,1701,Geburt,#,#,#,26,Germany,#,"Nottarp, S. 120; Schrader,, S.109",
Hugo Franz Karl von Eltz (-Kempenich),#,#,17.10.1712,#,1712,Aufschwörung,Domherr,Mainzer Domkapitel,Mainz,80,Germany,#,"Rauch, S. 140; Hersche, S. 130",
Hugo Franz Karl von Eltz (-Kempenich),#,#,1738,#,1738,Wahl,Domkantor,Mainzer Domkapitel,Mainz,80,Germany,#,"Nottarp, S. 120",
Hugo Franz Karl von Eltz (-Kempenich),#,#,#,#,#,Amtsausübung,Probst,#,Erfurt,5,Germany,#,"Schrader, S. 109",
Hugo Franz Karl von Eltz (-Kempenich),#,#,#,#,#,Wahl,Kanoniker,St. Alban,Mainz,80,Germany,#,"Schrader., S. 109",
Hugo Franz Karl von Eltz (-Kempenich),#,#,#,1743,1743,Resignation,Domkantor,Mainzer Domkapitel,Mainz,80,Germany,#,"Rauch, S. 176",
Hugo Franz Karl von Eltz (-Kempenich),#,#,1743,1779,1743,Wahl,Domprobst,Mainzer Domkapitel,Mainz,80,Germany,#,"Rauch, S. 176",
Hugo Franz Karl von Eltz (-Kempenich),#,#,27.06.1779,#,1779,Tod,#,#,Mainz,80,Germany,#,"Rauch, S. 176; https://www.dilibri.de/dilibri/name/view/2597111 ; Nottarp, Hermann: Ein Mindener Domprobst des 18. Jahrhunderts.; Schrader, S. 109",
Hugo Franz Karl von Eltz (-Kempenich),#,#,26.03.1778,#,1778,Tod,#,#,#,26,Germany,#,"Veit, Mainzer Domherren, S. 14; Hersche, S. 130",
Hugo Franz Karl von Eltz (-Kempenich),#,#,1736,#,1736,Wahl,Domprobst,Mindener Domkapitel,Minden,2,Germany,Resignation mit Tod,"Hersche, S. 205; Schrader, S. 109",
Hugo Franz Karl von Eltz (-Kempenich),#,#,1741,#,1741,Amtsausübung,Erster Mainzer Gesandter bei der Kaiserwahl,#,Frankfurt,4,Germany,#,"Nottarp, S. 121",
Hugo Franz Karl von Eltz (-Kempenich),#,#,1736,#,1736,Aufschwörung,Domherr,Mindener Domkapitel,Minden,2,Germany,#,"Hersche, S. 205; Schrader, S. 109",
Hugo Franz Karl von Eltz (-Kempenich),#,#,#,#,#,Amtsausübung,Leitender Minister des Kurstaates,#,Mainz,80,Germany,#,"Nottarp, S. 121",
Hugo Franz Karl von Eltz (-Kempenich),#,#,ab 1741,#,1741,Amtsausübung,Statthalter des Eichsfeldes,#,#,26,Germany,#,"Nottarp, S. 121",
Hugo Franz Karl von Eltz (-Kempenich),#,#,#,#,#,Amtsausübung,Gesandter,#,#,26,Germany,#,"Nottarp, S. 121",
Hugo Franz Karl von Eltz (-Kempenich),#,#,1,#,1,Amtsausübung,Kommendatarabt,Stift Pecswarad,Fünfkirchen in Niederungarn,1,Germany,#,"Nottarp, S. 121; Schrader, S. 109; Orts- und Peresonenregister Westfällische Zeitschrift, S. 404",
Hugo Franz Karl von Eltz (-Kempenich),#,#,#,#,#,Weihe,Priester,#,#,26,Germany,#,"Nottarp, S. 121",
Hugo Franz Karl von Eltz (-Kempenich),#,#,1735,#,1735,Ernennung,Generalvikar,Erzbistum Mainz,Mainz,80,Germany,#,"Nottarp, S. 121; Datum: https://kalliope-verbund.info/de/eac?eac.id=116461977 (zuletzt aufgerufen am 17.06.2022).",
Hugo Franz Karl von Eltz (-Kempenich),#,#,#,1743,#,Resignation,Generalvikar,Erzbistum Mainz,Mainz,80,Germany,#,https://kalliope-verbund.info/de/eac?eac.id=116461977 (zuletzt aufgerufen am 17.06.2022).,
Hugo Franz Karl von Eltz (-Kempenich),#,#,#,#,#,Probst,Probst,#,Erfurt,5,Germany,#,"Westfälische Zeitschrift 139 (1989), S. 404",
Hugo Franz Karl von Eltz (-Kempenich),#,#,1765,#,1765,Niederlage bei der Wahl zum Mainzer Erzbischof,#,Mainzer Domkapitel,Mainz,80,Germany,#,"Nottarp, S. 121",
Hugo Franz Karl von Eltz (-Kempenich),#,#,1725,#,1725,Aufschwörung,Domherr,Trierer Domkapitel,Trier,9,Germany,#,"Hersche, S. 184",
Hugo Wolfgang von Kesselstatt,#,#,1659,#,1659,Geburt,#,#,#,26,Germany,#,https://de.wikipedia.org/wiki/Hugo_Wolfgang_von_Kesselstatt,
Hugo Wolfgang von Kesselstatt,#,#,1676,#,1676,Studium,#,Universität Köln,Köln,5,Germany,#,"Keussen, Matrikel Köln, Bd. 5, S. 4. sowie Bd. 6, S. 212.",
Hugo Wolfgang von Kesselstatt,#,#,1681,#,1681,Aufschwörung,Domherr,Lütticher Domkapitel,Lüttich,2,Germany,#,"Hersche, S. 121; Theux, Bd. 3, S. 345",
Hugo Wolfgang von Kesselstatt,#,#,1687,#,1687,Resignation,Domherr,Lütticher Domkapitel,Lüttich,2,Germany,#,"Theux, Bd. 3., S. 345.",
Hugo Wolfgang von Kesselstatt,#,#,1687,#,1687,Aufschwörung,Domherr,Mainzer Domkapitel,Mainz,80,Germany,#,"Hersche, S. 130;",
Hugo Wolfgang von Kesselstatt,#,#,1690,#,1690,Aufschwörung,Domherr,Halberstadter Domkapitel,Halberstadt,1,Germany,#,"Theux, Bd. 3., S. 345.",
Hugo Wolfgang von Kesselstatt,#,#,1699,#,1699,Wahl,Domkantor,Mainzer Domkapitel,Mainz,80,Germany,#,"Rauch, S.176",
Hugo Wolfgang von Kesselstatt,#,#,18.12.1709,#,1709,Wahl,Domdekan,Mainzer Domkapitel,Mainz,80,Germany,#,"Rauch, S. 176, https://www.archivportal-d.de/item/YD4OU42NHIDVH4FCNTLSYHTP5B4TOXBB","; Schrohe, Stadt Mainz, S. 65"
Hugo Wolfgang von Kesselstatt,#,#,#,#,#,Aufschwörung,Domherr,Stift St. Alban,Mainz,80,Germany,#,Wikipedia,
Hugo Wolfgang von Kesselstatt,#,#,#,#,#,Aufschwörung,Domherr,Stift Bleidenstadt,Bleidenstadt,1,Germany,"nachsehen, ob Bleidenstadt damals eigenständig",Wikipedia,
Hugo Wolfgang von Kesselstatt,#,#,18.09.1724,#,1724,Wahl,Domprobst,Mainzer Domkapitel,Mainz,80,Germany,#,"Rauch, S. 176",
Hugo Wolfgang von Kesselstatt,#,#,02.01.1738,#,1738,Tod,#,Mainzer Dom,Mainz,80,Germany,Inschrift,"Rauch, S. 176; Beiträge Geschichte MZ, Bd. 26, 1982, S. 66 Nr. 1730",
Hugo Wolfgang von Kesselstatt,#,#,1720,18.12.1720,1720,Amtsausübung,Kämmerer des weltlichen Gerichts,Stadt Mainz,Mainz(?),2,Germany,#,"Schrohe, Stadt Mainz, S. 65",
Johann Heppenheim genannt von Saal,#,#,1609,#,1609,Geburt,#,#,#,26,Germany,#,"Herrsche, S. 128",
Johann Heppenheim genannt von Saal,#,#,1617,#,1617,Aufschwörung,Domherr,Wormser Domkapitel,Worms,4,Germany,"Wikipedia schreibt, ab 1617 tauche von Saal in den Domkapitelprotokollen auf, Herrsche nimmt 1617 als Eintrittsdatum in das Wormser Domkapitel, was in Verbindung mit dem Alter die Vermutung naheliegt, es handelt sich bei diesem Ereignis um die Ernennung zum Domizellar","Herrsche, S. 128; Wikipedia",
Johann Heppenheim genannt von Saal,#,#,1619,1626,1619,Schulbesuch?,#,#,#,26,Germany,"Wird von Wikipedia als ""Studium"" bezeichnet. Aufgrund des Alters eher ""Schule""?",Wikipedia,
Johann Heppenheim genannt von Saal,#,#,15.10.1622,#,1622,Aufschwörung,Domherr,Würzburger Domkapitel,Würzburg,26,Germany,#,Wendehorst (https://books.google.de/books?id=CnkB23QthD8C&pg=PA321#v=onepage&q&f=false),
Johann Heppenheim genannt von Saal,#,#,1630,#,1630,Studium,#,Albertina,Freiburg,1,Germany,#,Wendehorst (https://books.google.de/books?id=CnkB23QthD8C&pg=PA321#v=onepage&q&f=false),
Johann Heppenheim genannt von Saal,#,#,1634,#,1634,Studium,#,Studium Generale Civitatis Perusii,Perugia,1,Germany,#,Wendehorst (https://books.google.de/books?id=CnkB23QthD8C&pg=PA321#v=onepage&q&f=false),
Johann Heppenheim genannt von Saal,#,#,1636,#,1636,Aufschwörung,Domherr,Mainzer Domkapitel,Mainz,80,Germany,#,"Rauch, S. 174, Herrsche, S. 128",
Johann Heppenheim genannt von Saal,#,#,13.05.1653,#,1653,Wahl,Stiftsprobst,Neumünster Stiftskapitel,Würzburg,26,Germany,#,Wendehorst (https://books.google.de/books?id=CnkB23QthD8C&pg=PA321#v=onepage&q&f=false),
Johann Heppenheim genannt von Saal,#,#,1653,#,1653,Wahl,Domdekan,Mainzer Domkapitel,Mainz,80,Germany,#,Wendehorst (https://books.google.de/books?id=CnkB23QthD8C&pg=PA321#v=onepage&q&f=false),
Johann Heppenheim genannt von Saal,#,#,1654,#,1654,Wahl,Domprobst,Wormser Domkapitel,Worms,4,Germany,#,Wikipedia,
Johann Heppenheim genannt von Saal,1654,#,#,#,#,Amtsausübung,Kanzler,Universität Heidelberg,Heidelberg,1,Germany,"genaues Datum nicht überliefert, dieses Amt fiel ihm als Wormser Domprobst zu",Wikipedia,
Johann Heppenheim genannt von Saal,#,#,1666,#,1666,Vertretung des Kurfürsten während eines Pestausbruches,#,#,Mainz,80,Germany,#,http://www.historische-eschborn.de/berichte/Main-Taunus-Kreis/Mainzer_Domkapitel/body_mainzer_domkapitel.html,
Johann Heppenheim genannt von Saal,#,#,17.07.1668,#,1668,Resignation,Domdekan,Mainzer Domkapitel,Mainz,80,Germany,"Datum nicht genau überliefert, geht aus Wahl zum Domprobst hervor","Rauch, S: 174",
Johann Heppenheim genannt von Saal,#,#,17.07.1668,#,1668,Wahl,Domprobst,Mainzer Domkapitel,Mainz,80,Germany,#,"Rauch, S: 174",
Johann Heppenheim genannt von Saal,#,#,03.02.1672,#,1672,Tod,#,#,Mainz,80,Germany,#,Wendehorst (https://books.google.de/books?id=CnkB23QthD8C&pg=PA321#v=onepage&q&f=false),
Johann Heppenheim genannt von Saal,03.02.1672,#,#,#,#,Beisetzung,#,Mainzer Dom,Mainz,80,Germany,#,Wendehorst (https://books.google.de/books?id=CnkB23QthD8C&pg=PA321#v=onepage&q&f=false),
Johann Philipp Franz Graf von Schönborn,#,#,05.02.1673,#,1673,Geburt,#,#,Würzburg,26,Germany,"Taufe: Pfarrkirche St. Peter, Würzburg","Romberger, Winfried: Germania Sacra. Dritte Folge. Band 8: Die Bistümer der Kirchenprovinz Mainz. Das Bistum Würzburg 8. Die Würzburger Bischöfe von 1687-1746, S. 287",
Johann Philipp Franz Graf von Schönborn,#,#,18.08.1724,#,1724,Tod,#,#,Löffelstelzen bei Bad Mergentheim,1,Germany,#,"Wendehorst, Alfred ""Johann Philipp Franz"" in: Neuere Deutsche Biographie 10 (1974), S. 546",
Johann Philipp Franz Graf von Schönborn,#,#,22.08.1724,#,1724,Beisetzung,#,Marienkirche,Würzburg,26,Germany,#,"Romberger, Winfried: Germania Sacra. Dritte Folge. Band 8: Die Bistümer der Kirchenprovinz Mainz. Das Bistum Würzburg 8. Die Würzburger Bischöfe von 1687-1746, S. 346",
Johann Philipp Franz Graf von Schönborn,#,#,1681,#,1681,Besuch der Jesuitenschule,#,#,Aschaffenburg,2,Germany,#,WürzburgWiki,
Johann Philipp Franz Graf von Schönborn,#,#,1687,#,1687,Studium,#,Academia Julia,Würzburg,26,Germany,#,"Romberger, Winfried: Germania Sacra. Dritte Folge. Band 8: Die Bistümer der Kirchenprovinz Mainz. Das Bistum Würzburg 8. Die Würzburger Bischöfe von 1687-1746, S. 290",
Johann Philipp Franz Graf von Schönborn,#,#,1688,#,1688,Studium,#,#,Mainz,80,Germany,#,"Romberger, Winfried: Germania Sacra. Dritte Folge. Band 8: Die Bistümer der Kirchenprovinz Mainz. Das Bistum Würzburg 8. Die Würzburger Bischöfe von 1687-1746, S. 290",
Johann Philipp Franz Graf von Schönborn,#,#,1690,#,1690,Studium,#,#,Aschaffenburg,2,Germany,#,"Wendehorst, Alfred ""Johann Philipp Franz"" in: Neuere Deutsche Biographie 10 (1974), S. 546",
Johann Philipp Franz Graf von Schönborn,#,#,1690,03.01.1693,1690,Studium,#,Collegium Germanicum,Rom,5,Germany,Studium von Theologie und Kirchenrecht,"Bärmann, Johannes: Verzeichnis der Studierenden der alten Universität Mainz, Band 13, 1979, S.726; Romberger, Winfried: Germania Sacra. Dritte Folge. Band 8: Die Bistümer der Kirchenprovinz Mainz. Das Bistum Würzburg 8. Die Würzburger Bischöfe von 1687-1746, S. 290",
Johann Philipp Franz Graf von Schönborn,#,#,1694,#,1694,Studium,#,#,Wien,3,Germany,#,"Romberger, Winfried: Germania Sacra. Dritte Folge. Band 8: Die Bistümer der Kirchenprovinz Mainz. Das Bistum Würzburg 8. Die Würzburger Bischöfe von 1687-1746, S. 290",
Johann Philipp Franz Graf von Schönborn,#,#,1682,#,1682,Aufschwörung,Domherr,Würzburger Domkapitel,Würzburg,26,Germany,#,"Bischofslexikon von Gatz, S. 442",
Johann Philipp Franz Graf von Schönborn,#,#,1682,#,1682,Aufschwörung,Stiftsherr,Kollegialstift St. Alban,Mainz,80,Germany,#,"""Johann Philipp Franz Graf von Schönborn"", in: Germania Sacra",
Johann Philipp Franz Graf von Schönborn,#,#,1687,#,1687,Aufschwörung,Domherr,Mainzer Domkapitel,Mainz,80,Germany,#,"""Johann Philipp Franz Graf von Schönborn"", in: Germania Sacra",
Johann Philipp Franz Graf von Schönborn,#,#,1694,#,1694,Aufschwörung,Domherr,Bamberger Domkapitel,Bamberg,6,Germany,#,"""Johann Philipp Franz Graf von Schönborn"", in Germania Sacra",
Johann Philipp Franz Graf von Schönborn,#,#,1698,#,1698,Resignation,Domherr,Bamberger Domkapitel,Bamberg,6,Germany,#,"""Johann Philipp Franz Graf von Schönborn"", in Germania Sacra",
Johann Philipp Franz Graf von Schönborn,#,#,1697,1698,1697,Kavalierstour,#,#,Niederlande,1,Germany,#,"Bischofslexikon von Gatz, S. 442",
Johann Philipp Franz Graf von Schönborn,#,#,1697,1698,1697,Kavalierstour,#,#,England,2,Germany,#,"Bischofslexikon von Gatz, S. 442",
Johann Philipp Franz Graf von Schönborn,#,#,1697,1698,1697,Kavalierstour,#,#,Paris,1,Germany,Widerspruch zur Residenz,"Bischofslexikon von Gatz, S.442",
Johann Philipp Franz Graf von Schönborn,#,#,1697,1698,1697,Residenz,#,Würzburger Domkapitel,Würzburg,26,Germany,Widerspruch zur Kavalierstour,"Romberger, Winfried: Germania Sacra. Dritte Folge. Band 8: Die Bistümer der Kirchenprovinz Mainz. Das Bistum Würzburg 8. Die Würzburger Bischöfe von 1687-1746, S. 290",
Johann Philipp Franz Graf von Schönborn,#,#,1698,#,1698,Resignation,#,Bamberger Domkapitel,Bamberg,6,Germany,#,"Hersche, S. 75",
Johann Philipp Franz Graf von Schönborn,#,#,1699,#,1699,Aufschwörung,Domherr,Würzburger Domkapitel,Würzburg,26,Germany,#,"Wendehorst, Alfred ""Johann Philipp Franz"", in: Neuere Deutsche Biographie 10 (1974), S. 546",
Johann Philipp Franz Graf von Schönborn,#,#,1699,#,1699,Wahl,Probst,St. Bartholomäus,Frankfurt,4,Germany,#,"Wendehorst, Alfred ""Johann Philipp Franz"", in: Neuere Deutsche Biographie 10 (1974), S. 546",
Johann Philipp Franz Graf von Schönborn,#,#,1703,#,1703,Resignation,Stiftsherr,Kollgialstift St. Alban,Mainz,80,Germany,#,"""Johann Philipp Franz Graf von Schönborn"", in Germania Sacra",
Johann Philipp Franz Graf von Schönborn,#,#,10.6.1704,#,1704,Resignation wegen Wahl zum Domprobst,Domherr,Würzburger Domkapitel,Würzburg,26,Germany,#,#,
Johann Philipp Franz Graf von Schönborn,#,#,10.6.1704,#,1704,Wahl,Domprobst,Würzburger Domkapitel,Würzburg,26,Germany,#,"Romberger, Winfried: Germania Sacra. Dritte Folge. Band 8: Die Bistümer der Kirchenprovinz Mainz. Das Bistum Würzburg 8. Die Würzburger Bischöfe von 1687-1746, S. 292",
Johann Philipp Franz Graf von Schönborn,#,#,1714,#,1714,Resignation wegen Wahl zum Domprobst,Domherr,Mainzer Domkapitel,Mainz,80,Germany,#,#,
Johann Philipp Franz Graf von Schönborn,#,#,1714,#,1714,Wahl,Domprobst,Mainzer Domkapitel,Mainz,80,Germany,#,"""Johann Philipp Franz Graf von Schönborn"", in Germania Sacra",
Johann Philipp Franz Graf von Schönborn,#,#,1717,#,1717,Ernennung,mainzischer Statthalter,#,Erfurt,5,Germany,#,"Bischofslexikon von Gatz, S. 442",
Johann Philipp Franz Graf von Schönborn,#,#,1719,#,1719,Ernennung,Rektor,Julius-Maximilians Universität,Würzburg,26,Germany,#,Würzburg Wiki,
Johann Philipp Franz Graf von Schönborn,#,#,1719,#,1719,Resignation wegen Wahl zum Bischof,Domprobst,Würzburger Domkapitel,Würzburg,26,Germany,#,"Hersche, S. 195",
Johann Philipp Franz Graf von Schönborn,#,#,1721,#,1721,Niederlegung des Amtes,Rektor,Julius-Maximilians Universität,Würzburg,26,Germany,#,Würzburg Wiki,
Johann Philipp Franz Graf von Schönborn,#,#,18.9.1719,#,1719,Wahl,Bischof,#,Würzburg,26,Germany,#,"Bärmann, Johannes: Verzeichnis der Studierenden der alten Universität Mainz, Band 13, 1979, S. 726",
Johann Philipp Franz Graf von Schönborn,#,#,22.7.1720,#,720,Weihe,Diakon,Schlosskirche Marienberg,Würzburg,26,Germany,#,"Bischofslexikon von Gatz, S.442",
Johann Philipp Franz Graf von Schönborn,#,#,25.7.1720,#,720,Weihe,Priester,Schlosskirche Marienberg,Würzburg,26,Germany,#,"Bischofslexikon von Gatz, S.442",
Johann Philipp Franz Graf von Schönborn,#,#,10.11.1720,#,1720,Weihe,Bischof,Dom,Würzburg,26,Germany,#,"Bischofslexikon von Gatz, S. 442",
Johann Philipp Franz Graf von Schönborn,#,#,??.08.1724,#,1724,Staatsreise,#,Hochmeister-Residenz von Franz Ludwig von Pfalz-Neuburg,Mergentheim,1,Germany,Ziel: Bewegung zur Resignation in der kurmainzischen Koadjutorie-Angelegenheit,"Romberger, Winfried: Germania Sacra. Dritte Folge. Band 8: Die Bistümer der Kirchenprovinz Mainz. Das Bistum Würzburg 8. Die Würzburger Bischöfe von 1687-1746, S. 306",
Johann Wilhelm Wolff-Metternich zur Gracht,#,#,30.11.1624,#,1624,Geburt,#,#,#,#,#,Wikipedia nennt 13.11.1624 als Geburtsdatum,"Rauch, S. 154; Ernst von Oidtman und seine genealogisch-heraldische Sammlung in der Universitäts-Bibliothek zu Köln, hg. v. Herbert Schleicher, Bd. 16, Köln 1998, S. 720",
Johann Wilhelm Wolff-Metternich zur Gracht,#,#,30.09.1630,#,1630,Aufschwörung,Domherr,Mainzer Domkapitel,Mainz,#,#,"Herrsche, S. 128 hat 1631 als Datum für die Aufschwörung. Siehe Spalte ""source"" für die Begründung, warum diese Datum ausgewählt wurde","Rauch, S. 154; im Findbuch zum Aktenbestand des Archivs Schloss Gracht findet sich bei Akte 505 der enthält-Vermerk: „zum Kanonikat Johann Wilhelm Wolff Metternichs am Dom zu Mainz 1630-1643“. Dies spricht also dafür, dass er bereits 1630 zum Domkapitel aufgeschwört wurde.",
Johann Wilhelm Wolff-Metternich zur Gracht,#,#,1644,#,1644,Aufschwörung,Domherr,Paderborner Domkapitel,Paderborn,#,#,#,"Herrsche, S. 147",
Johann Wilhelm Wolff-Metternich zur Gracht,#,#,1649,#,1649,Aufschwörung,Domherr,Münster Domkapitel,Münster,#,#,"Laut Becker-Huberti, Die Tridentische Reform im Bistum Münster, S. 341 zurückdatiert auf 1642","Herrsche, S. 135",
Johann Wilhelm Wolff-Metternich zur Gracht,#,1650,#,#,1650,Studium,#,Collegium Germanicum,Rom,#,#,"Keine genauere Angabe bei Becker-Huberti und auch kein Verweis, woraus diese Angabe stammt","Becker-Huberti, Die Tridentische Reform im Bistum Münster, S. 47 mit Anm. 27",
Johann Wilhelm Wolff-Metternich zur Gracht,#,#,12.11.1674,#,1674,Wahl,Domscholaster,Mainzer Domkapitel,Mainz,#,#,"Laut Wikipedia wird er 1675 Domscholaster, so auch laut Becker-Huberti, Die Tridentische Reform im Bistum Münster, S. 341","Rauch, S. 154; Wikipedia",
Johann Wilhelm Wolff-Metternich zur Gracht,#,#,4.11.1679,#,1679,Resignation,Domscholaster,Mainzer Domkapitel,Mainz,#,#,#,"Rauch, S. 167",
Johann Wilhelm Wolff-Metternich zur Gracht,#,#,4.11.1679,#,1679,Wahl,Domdekan,Mainzer Domkapitel,Mainz,#,#,#,"Rauch, S. 167",
Johann Wilhelm Wolff-Metternich zur Gracht,#,#,20.2.1685,#,1685,Resignation,Domdekan,Mainzer Domkapitel,Mainz,#,#,#,"Rauch, S. 175",
Johann Wilhelm Wolff-Metternich zur Gracht,#,#,20.2.1685,#,1685,Wahl,Domprobst,Mainzer Domkapitel,Mainz,#,#,"Becker-Huberti, Die Tridentische Reform im Bistum Münster, S. 341, hat für dieses Amt das Jahr 1687","Rauch, S. 175",
Johann Wilhelm Wolff-Metternich zur Gracht,#,#,1693,#,1693,Resignation,Domherr,Münster Domkapitel,Münster,#,#,#,"Becker-Huberti, Die Tridentische Reform im Bistum Münster, S. 341",
Johann Wilhelm Wolff-Metternich zur Gracht,#,15.12.1694,#,#,1694,Ernennung,Geheimer Rat,Kurmainz,Mainz,#,#,übte dieses Amt laut seinem Grabstein aus,https://books.google.de/books?id=xHwAAAAAcAAJ&pg=PA67#v=onepage&q&f=false,
Johann Wilhelm Wolff-Metternich zur Gracht,#,#,15.12.1694,#,1694,Tod,#,#,#,#,#,#,"Rauch, S. 154, Wikipedia",
Karl Emmerich Franz von Breidbach-Bürresheim,#,#,1694,1696,1694,Studium,#,Collegium Germanicum,Rom,2,Germany,#,"Verzeichnis der Mainzer Universitätsmatrikeln, S. 108; Durchhardt, S. 254",
Karl Emmerich Franz von Breidbach-Bürresheim,#,#,18.01.1674,#,1674,Geburt,#,#,Trier,9,Germany,"Angabe Trier unsicher (siehe Universitätsmatrikeln, S. 108","Rauch, S. 168; erzeichnis der Mainzer Universitätsmatrikeln, S. 108; Weber, S. 51 FN 2; Duchhardt, S. 254; Hersche, S. 130",
Karl Emmerich Franz von Breidbach-Bürresheim,#,#,27.01.1710,#,1710,Aufschwörung,Domherr,Mainzer Domkapitel,Mainz,10,Germany,#,"Hersche, S. 130",
Karl Emmerich Franz von Breidbach-Bürresheim,#,#,1720,1743,1720,Amtsausübung,Kämmerer des weltlichen Gerichts der Stadt,Stadt Mainz,Malnz,1,Germany,#,"Verzeichnis der Mainzer Universitätsmatrikeln, S. 108; Schrohe, Stadt Mainz, S. 65; Staatskalender (1743) https://www.dilibri.de/stbmz/content/pageview/1418839",
karl Emmerich Franz von Breidbach-Bürresheim,#,1740,#,#,1740,Amtsausübung,Geheimer Rat,Stadt Mainz,Mainz,80,Germany,Amtsausübung mindestens seit 1740 (Staatskalender),Staatskalender Mainz: https://www.dilibri.de/stbmz/content/pageview/1419171,
Karl Emmerich Franz von Breidbach-Bürresheim,#,#,1687,#,1687,Aufschwörung,Domherr,Trierer Domkapitel,Trier,9,Germany,#,"Hersche, S. 184; Durchhardt, S. 255",
Karl Emmerich Franz von Breidbach-Bürresheim,#,#,1724,#,1724,Wahl,Domdekan,Mainzer Domkapitel,Mainz,80,Germany,#,"Verzeichnis der Mainzer Universitätsmatrikeln, S. 108",
Karl Emmerich Franz von Breidbach-Bürresheim,#,#,1714,#,1714,Resignation,Domherr,Trierer Domkapitel,Trier,9,Germany,#,"Hersche, S. 184",
Karl Emmerich Franz von Breidbach-Bürresheim,#,#,12.02.1738,#,1738,Wahl,Domprobst,Mainzer Domkapitel,Mainz,10,Germany,Datum der Wahl in Universitätsmatrikeln 17.02.1739,"Rauch, S. 176; Verzeichnis der Mainzer Universitätsmatrikeln, S. 108 (Datum der Wahl = 17.02.1738",
Karl Emmerich Franz von Breidbach-Bürresheim,#,#,18.06.1712,#,1712,Wahl,Dekan,Stift St.Viktor,Mainz,10,Germany,#,"Weidenbach, S. 103",
Karl Emmerich Franz von Breidbach-Bürresheim,#,#,18.06.1712,#,1712,Aufschwörung,Stiftskanoniker,Stift St. Peter,Mainz,80,Germany,#,"Weidenbach, S. 103; Verzeichnis der Mainzer Universitätsmatrikeln, S. 108",
Karl Emmerich Franz von Breidbach-Bürresheim,#,#,#,#,#,Präsident,Präsident,???,Mainz (?),1,Germany,#,"Weidenbach, S. 103;",
Karl Emmerich Franz von Breidbach-Bürresheim,#,#,20.02.1743,#,1743,Tod,#,#,#,26,Germany,#,"Weidenbach, S. 103,",
Lothar Friedrich von Metternich-Burscheid,#,#,29.09.1617,#,1617,Geburt,#,#,Burscheid,1,Germany,Luxemburg,"Rauch, S. 174, Christ, S. 9",
Lothar Friedrich von Metternich-Burscheid,#,#,03.06.1675,#,1675,Tod,#,#,Mainz,80,Germany,#,"Rauch, S. 174, Christ, S. 26",
Lothar Friedrich von Metternich-Burscheid,#,#,#,1635,1635,Studium,#,#,Pont-à-Mousson,2,Germany,#,"Christ, S. 9",
Lothar Friedrich von Metternich-Burscheid,#,#,1635,1636,1635,Studium,#,#,Trier,7,Germany,#,"Christ, S. 9",
Lothar Friedrich von Metternich-Burscheid,#,#,1636,#,1636,Studium,#,#,Löwen,1,Germany,#,"Christ, S. 9",
Lothar Friedrich von Metternich-Burscheid,#,#,1641,#,1641,Studium,#,#,Pont-à-Mousson,2,Germany,#,"Christ, S. 9",
Lothar Friedrich von Metternich-Burscheid,#,#,03.09.1640,#,1640,Weihe,Subdiakon,#,#,26,Germany,#,"Christ, S. 9",
Lothar Friedrich von Metternich-Burscheid,#,#,08.09.1640,#,1640,Weihe,Diakon,#,#,26,Germany,#,"Christ, S. 9",
Lothar Friedrich von Metternich-Burscheid,#,#,00.12.1652,#,1652,Weihe,Priester,#,#,26,Germany,#,"Christ, S. 9",
Lothar Friedrich von Metternich-Burscheid,#,#,24.06.1656,#,1656,Weihe,Bischof,#,Bruchsal,1,Germany,#,"Christ, S. 9",
Lothar Friedrich von Metternich-Burscheid,#,#,1625,#,1625,Aufschwörung,Domherr,Trierer Domkapitel,Trier,9,Germany,#,"Hersche, S. 182; Christ, S. 9",
Lothar Friedrich von Metternich-Burscheid,#,#,1627,#,1627,Aufschwörung,Domherr,Speyrer Domkapitel,Speyer,4,Germany,#,"Hersche, S. 166",
Lothar Friedrich von Metternich-Burscheid,#,#,1639,#,1639,Aufschwörung,Domherr,Mainzer Domkapitel,Mainz,10,Germany,#,"Hersche, S. 129; Christ, S. 9",
Lothar Friedrich von Metternich-Burscheid,#,#,1640,#,1640,Aufschwörung,Domherr,Trierer Domkapitel,Trier,9,Germany,#,"Christ, S. 9",
Lothar Friedrich von Metternich-Burscheid,#,#,1645,#,1645,Wahl,Domkustos,Trierer Domkapitel,Trier,9,Germany,#,"Christ, S. 9",
Lothar Friedrich von Metternich-Burscheid,#,#,1654,#,1654,Resignation,Domkustos,Trierer Domkapitel,Trier,9,Germany,#,"Christ, S. 9",
Lothar Friedrich von Metternich-Burscheid,#,#,1652,#,1652,Resignation,Domherr,Speyrer Domkapitel,Speyer,2,Germany,#,"Hersche, S. 166",
Lothar Friedrich von Metternich-Burscheid,#,#,11.04.1652,#,1652,Wahl,Bischof,#,Speyer,2,Germany,#,"Christ, S. 9",
Lothar Friedrich von Metternich-Burscheid,#,#,1653,#,1653,Wahl,Capellanus,Trierer Domkapitel,Trier,7,Germany,#,"Christ, S. 9",
Lothar Friedrich von Metternich-Burscheid,#,#,1660,#,1660,Wahl,Oberchorbischof,Trierer Domkapitel,Trier,9,Germany,#,"Christ, S. 9",
Lothar Friedrich von Metternich-Burscheid,#,#,1672,#,1672,Wahl,Koadjutor des Wormser Bischofs,#,Worms,2,Germany,#,"Christ, S. 18",
Lothar Friedrich von Metternich-Burscheid,#,#,21.03.1672,#,1672,Wahl,Domprobst,Mainzer Domkapitel,Mainz,10,Germany,#,"Hersche, S. 129, Rauch, S. 174, Christ, S. 9",
Lothar Friedrich von Metternich-Burscheid,#,#,12.02.1673,#,1673,Resignation,Domherr,Mainzer Domkapitel,Mainz,10,Germany,#,"Hersche, S. 129",
Lothar Friedrich von Metternich-Burscheid,#,#,12.02.1673,#,1673,Wahl,Erzbischof und Kurfürst,#,Mainz,10,Germany,#,"Christ, S. 20f.",
Lothar Friedrich von Metternich-Burscheid,#,#,12.02.1673,#,1673,Amtsantritt,Bischof,#,Worms,2,Germany,#,"Christ, S. 20f.",
Marquard Schenk von Castell,#,#,09.08.1605,#,1605,Geburt,#,#,Berg bei Liebenau (oder Liebenthann?) bei Augsburg,2,Germany,"zwei Geburtsdaten angegeben, das spätere als Taufdatum?",https://www.deutsche-biographie.de/sfz58490.html#ndbcontent_leben,
Marquard Schenk von Castell,#,#,10.08.1605,#,1605,Geburt,#,#,Berg bei Liebenau (oder Liebenthann?) bei Augsburg,2,Germany,"zwei Geburtsdaten angegeben, das spätere als Taufdatum?",https://www.deutsche-biographie.de/sfz58490.html#ndbcontent_leben,
Marquard Schenk von Castell,#,#,1617,#,1617,Schulbesuch,#,Jesuitengymnasium Dillingen,Dillingen,1,Germany,#,"Braun, Das Domkapitel Eichstätt, S. 440",
Marquard Schenk von Castell,#,#,28.05.1621,#,1621,Aufschwörung,Domherr,Eichstätter Domkapitel,Eichstätt,15,Germany,#,"https://www.deutsche-biographie.de/sfz58490.html#ndbcontent_leben; Braun, Das Domkapitel Eichstätt, S. 440",
Marquard Schenk von Castell,#,#,01.10.1624,#,1624,Studium,#,Universität Ingolstadt,Ingolstadt,2,Germany,#,https://www.deutsche-biographie.de/sfz58490.html#ndbcontent_leben,
Marquard Schenk von Castell,1624,#,#,#,1624,Studium,#,Pontificia Universitas Gregoriana,Rom,5,Germany,"kein genaues Datum bekannt, sondern nur, dass er bald nach Studienbeginn in Ingolstadt an die römische Gregoriana wechselte",https://www.deutsche-biographie.de/sfz58490.html#ndbcontent_leben,
Marquard Schenk von Castell,#,#,1625,1627,1625,Studium,#,Collegium Germanicum,Rom,5,Germany,#,https://www.deutsche-biographie.de/sfz58490.html#ndbcontent_leben,
Marquard Schenk von Castell,#,#,1627,#,1627,Aufenthalt wegen schwankender Gesundheit,#,#,Siena,2,Germany,erwähnenswert?,https://www.deutsche-biographie.de/sfz58490.html#ndbcontent_leben,
Marquard Schenk von Castell,#,#,27.07.1627,#,1627,Studium,#,Universitas Senarum,Siena,2,Germany,#,"Braun, Das Domkapitel Eichstätt, S. 440",
Marquard Schenk von Castell,#,#,09.12.1628,#,1628,Aufschwörung,Domherr,Mainzer Domkapitel,Mainz,80,Germany,#,"https://www.deutsche-biographie.de/sfz58490.html#ndbcontent_leben; Braun, Das Domkapitel Eichstätt, S. 440",
Marquard Schenk von Castell,#,#,1628,#,1628,Studium,#,Collegium Willibaldinum,Eichstätt,15,Germany,#,https://www.deutsche-biographie.de/sfz58490.html#ndbcontent_leben,
Marquard Schenk von Castell,#,#,23.12.1628,#,1628,Weihe,Diakon,Eichstätter Bistum,Eichstätt,15,Germany,#,"Braun, Das Domkapitel Eichstätt, S. 440",
Marquard Schenk von Castell,#,#,02.06.1635,#,1635,Weihe,Priester,Eichstätter Bistum,Eichstätt,15,Germany,#,https://www.deutsche-biographie.de/sfz58490.html#ndbcontent_leben,
Marquard Schenk von Castell,#,#,15.01.1636,#,1636,Wahl,Domdekan,Eichstätter Domkapitel,Eichstätt,15,Germany,#,https://www.deutsche-biographie.de/sfz58490.html#ndbcontent_leben,
Marquard Schenk von Castell,#,#,25.01.1636,#,1636,Wahl,Stiftsprobst,Neuer Stift Unsere Liebe Frau,Eichstätt,15,Germany,"Neuer Stift ULF = Unsere Liebe Frau?; kann er Stiftsprobst bleiben, als er Bischof wird?","Braun, Das Domkapitel Eichstätt, S. 441",
Marquard Schenk von Castell,#,#,21.10.1636,#,1636,Wahl,Koadjutor mit dem Recht der Nachfolge,Eichstätter Domkapitel,Eichstätt,15,Germany,#,"Rauch, S. 175; https://www.deutsche-biographie.de/sfz58490.html#ndbcontent_leben",
Marquard Schenk von Castell,#,#,28.07.1637,#,1637,Amtsantritt,Bischof,Eichstätter Bistum,Eichstätt,15,Germany,#,"Braun, Das Domkapitel Eichstätt, S. 441",
Marquard Schenk von Castell,#,#,25.08.1637,#,1637,Resignation,Domdekan,Eichstätter Domkapitel,Eichstätt,15,Germany,#,"Braun, Das Domkapitel Eichstätt, S. 441",
Marquard Schenk von Castell,#,#,10.01.1638,#,1638,Resignation,Domkapitel,Eichstätter Domkapitel,Eichstätt,15,Germany,Datum geht aus Weihe zum Bischof hervor; anders als für Resignation des Domdekanats ist für dieses Ereignis kein genaues Datum überliefert; Datum als terminus oder terminus ante quem,https://www.deutsche-biographie.de/sfz58490.html#ndbcontent_leben,
Marquard Schenk von Castell,#,#,10.01.1638,#,1638,Weihe,Bischof,Eichstätter Domkapitel,Eichstätt,15,Germany,#,https://www.deutsche-biographie.de/sfz58490.html#ndbcontent_leben,
Marquard Schenk von Castell,#,#,29.8.1669,#,1669,Bestellung durch Kaiser Leopold I.,Prinzipialkommissar,Immerwährender Reichstag,Regensburg,3,Germany,Angabe durch Kaiser Leopold I. lassen oder weg?,https://www.deutsche-biographie.de/sfz58490.html#ndbcontent_leben,
Marquard Schenk von Castell,#,#,1675,#,1675,Vergebliche Bewerbung um das Erzbistum,#,Mainzer Domkapitel,Mainz,80,Germany,erwähnenswert?,https://www.deutsche-biographie.de/sfz58490.html#ndbcontent_leben,
Marquard Schenk von Castell,#,#,06.11.1675,#,1675,Wahl,Domprobst,Mainzer Domkapitel,Mainz,80,Germany,#,"Rauch, S. 175",
Marquard Schenk von Castell,#,#,1678,#,1678,Vergebliche Bewerbung um das Erzbistum,#,Mainzer Domkapitel,Mainz,80,Germany,erwähnenswert?,https://www.deutsche-biographie.de/sfz58490.html#ndbcontent_leben,
Marquard Schenk von Castell,#,#,06.03.1682,#,1682,Belehnung,Kanzler,Kurmainz,Mainz,80,Germany,#,"Braun, Das Domkapitel Eichstätt, S. 441",
Marquard Schenk von Castell,#,18.01.1685,#,#,1685,Aufenthalt wegen Krankheit,#,#,Kartause Prül vor den Toren von Regensburg,1,Germany,"genaues Datum nicht bekannt, Fomulierung in der Literatur als ""in seinen letzten Lebensjahren""",https://www.deutsche-biographie.de/sfz58490.html#ndbcontent_leben,
Marquard Schenk von Castell,#,#,18.01.1685,#,1685,Tod,#,#,Regensburg,3,Germany,#,https://www.deutsche-biographie.de/sfz58490.html#ndbcontent_leben,
Marquard Schenk von Castell,#,#,08.02.1685,#,1685,Beisetzung,#,Eichstätter Dom,Eichstätt,15,Germany,#,"Braun, Das Domkapitel Eichstätt, S. 441",